is_installed,num_bikes_available,last_reported,is_renting,eightd_has_available_keys,num_docks_available,num_docks_disabled,is_returning,station_id,num_ebikes_available,num_bikes_disabled,time
1,10,1693927366,1,FALSE,17,0,1,08260472-1f3f-11e7-bf6b-3863bb334450,0,0,2023-09-05T15:24:29Z
1,0,1693927382,1,FALSE,18,1,1,a07bd5e0-5136-4285-ae23-54a74124957e,0,0,2023-09-05T15:24:29Z
1,1,1693927365,1,FALSE,15,0,1,ebbf6e18-684d-4fc9-ad4d-c025b8d76556,1,0,2023-09-05T15:24:29Z
1,7,1693927367,1,FALSE,8,0,1,0826402c-1f3f-11e7-bf6b-3863bb334450,0,0,2023-09-05T15:24:29Z
1,0,1693927367,1,FALSE,12,0,1,f0101beb-a103-46e4-93f5-c7880b85411b,0,0,2023-09-05T15:24:29Z
1,1,1693927381,1,FALSE,14,0,1,0826345e-1f3f-11e7-bf6b-3863bb334450,0,0,2023-09-05T15:24:29Z
1,17,1693927374,1,FALSE,1,1,1,7a19d0e7-2b3c-4805-b843-1aec84a05bfe,6,0,2023-09-05T15:24:29Z
1,0,1693927352,1,FALSE,10,0,1,08263fbd-1f3f-11e7-bf6b-3863bb334450,0,1,2023-09-05T15:24:29Z
1,7,1693927394,1,FALSE,12,0,1,94b1507c-7f76-483c-b06a-a4131e0b5970,0,0,2023-09-05T15:24:29Z
1,9,1693927348,1,FALSE,2,0,1,f08db1df-054a-46c8-a3e1-b349f2a26d5e,0,0,2023-09-05T15:24:29Z
1,3,1693927353,1,FALSE,12,0,1,08254dee-1f3f-11e7-bf6b-3863bb334450,1,0,2023-09-05T15:24:29Z
1,2,1693927397,1,FALSE,13,0,1,0824ea2c-1f3f-11e7-bf6b-3863bb334450,1,0,2023-09-05T15:24:29Z
1,0,1693927397,1,FALSE,19,0,1,fbbeab20-556d-4275-98a9-f84d316c157f,0,0,2023-09-05T15:24:29Z
1,3,1693927392,1,FALSE,12,0,1,082650b1-1f3f-11e7-bf6b-3863bb334450,0,0,2023-09-05T15:24:29Z
1,10,1693927398,1,FALSE,1,0,1,5e571279-84a3-4dd6-9ee5-6a834e4c624a,0,1,2023-09-05T15:24:29Z
1,0,1693927399,1,FALSE,19,0,1,a2507ccc-aca1-48b2-a6a3-a3144ad92d21,0,0,2023-09-05T15:24:29Z
1,2,1693927399,1,FALSE,13,0,1,0824eba7-1f3f-11e7-bf6b-3863bb334450,0,0,2023-09-05T15:24:29Z
1,10,1693927342,1,FALSE,14,1,1,2a43f4e2-4102-482e-8879-245cf7555c6b,0,2,2023-09-05T15:24:29Z
1,6,1693927400,1,FALSE,6,0,1,08263959-1f3f-11e7-bf6b-3863bb334450,0,3,2023-09-05T15:24:29Z
1,9,1693927401,1,FALSE,9,0,1,8bbafd08-edb1-426d-94f4-c7b7d9be34dd,4,0,2023-09-05T15:24:29Z
1,4,1693927378,1,FALSE,15,0,1,082520aa-1f3f-11e7-bf6b-3863bb334450,0,0,2023-09-05T15:24:29Z
1,12,1693927399,1,FALSE,17,0,1,08253c6b-1f3f-11e7-bf6b-3863bb334450,1,0,2023-09-05T15:24:29Z
1,2,1693927381,1,FALSE,9,0,1,febec658-2bcd-473e-8ba8-f84f016da7cd,0,0,2023-09-05T15:24:29Z
1,3,1693927381,1,FALSE,9,0,1,13c42471-96ab-441d-9a4c-bc57f7af6f9b,0,0,2023-09-05T15:24:29Z
1,5,1693927384,1,FALSE,9,0,1,84a0159b-5f00-417a-8f06-6c7c8437049f,0,1,2023-09-05T15:24:29Z
1,9,1693927403,1,FALSE,6,0,1,0a5dbbe0-1325-49af-9fca-f0748ca06dc0,0,0,2023-09-05T15:24:29Z
1,9,1693927347,1,FALSE,2,0,1,c98241f4-a3c0-4eb8-86bd-dd057baa0192,0,1,2023-09-05T15:24:29Z
1,11,1693927340,1,FALSE,6,0,1,08246df5-1f3f-11e7-bf6b-3863bb334450,0,2,2023-09-05T15:24:29Z
1,2,1693927340,1,FALSE,9,0,1,0826380c-1f3f-11e7-bf6b-3863bb334450,0,0,2023-09-05T15:24:29Z
1,1,1693927405,1,FALSE,11,0,1,8d68e4db-0bc9-440a-9b27-5d34ed1b93c9,0,0,2023-09-05T15:24:29Z
1,9,1693927407,1,FALSE,8,0,1,08261f4b-1f3f-11e7-bf6b-3863bb334450,1,1,2023-09-05T15:24:29Z
1,1,1693927408,1,FALSE,18,0,1,12b1c990-90e7-4fef-a5b9-c78d4c81af96,1,1,2023-09-05T15:24:29Z
1,8,1693927409,1,FALSE,9,0,1,83c9bc80-bc42-4e5d-9f5e-6c24812e6e37,2,0,2023-09-05T15:24:29Z
1,0,1693927410,1,FALSE,19,0,1,08265124-1f3f-11e7-bf6b-3863bb334450,0,0,2023-09-05T15:24:29Z
1,5,1693927413,1,FALSE,6,0,1,0136af02-2670-4042-b5cd-18b46c15c0c1,0,1,2023-09-05T15:24:29Z
1,4,1693927417,1,FALSE,12,0,1,3af8c81c-b8d8-4af7-afe9-332a2cac4672,0,0,2023-09-05T15:24:29Z
1,5,1693927418,1,FALSE,7,0,1,c0ec45a3-ec59-4c82-9671-13d9c122be30,0,0,2023-09-05T15:24:29Z
1,1,1693927422,1,FALSE,14,0,1,066fd95e-0d37-4eea-a027-88c04277bb9d,0,0,2023-09-05T15:24:29Z
1,2,1693927423,1,FALSE,15,0,1,d34d2639-ee43-4892-818f-f01116813744,1,0,2023-09-05T15:24:29Z
1,4,1693927424,1,FALSE,10,0,1,0825e4d5-1f3f-11e7-bf6b-3863bb334450,0,0,2023-09-05T15:24:29Z
1,11,1693927426,1,FALSE,4,0,1,08252530-1f3f-11e7-bf6b-3863bb334450,1,0,2023-09-05T15:24:29Z
1,7,1693927424,1,FALSE,10,0,1,08254284-1f3f-11e7-bf6b-3863bb334450,0,2,2023-09-05T15:24:29Z
1,6,1693927427,1,FALSE,9,0,1,d72b1790-0fea-4af8-9d2a-fd4d4db24d1a,0,0,2023-09-05T15:24:29Z
1,10,1693927433,1,FALSE,2,0,1,6e652351-dad9-45e4-a0a7-dda0417973f4,0,0,2023-09-05T15:24:29Z
1,5,1693927432,1,FALSE,7,0,1,e976c0ab-bc21-42b3-a2c2-b90def6f54f4,0,0,2023-09-05T15:24:29Z
1,7,1693927431,1,FALSE,5,0,1,0825213e-1f3f-11e7-bf6b-3863bb334450,0,0,2023-09-05T15:24:29Z
1,1,1693927431,1,FALSE,18,0,1,08254943-1f3f-11e7-bf6b-3863bb334450,0,0,2023-09-05T15:24:29Z
1,2,1693927432,1,FALSE,13,0,1,5eb5b5a7-db69-4d8a-a16a-604678a544b7,0,0,2023-09-05T15:24:29Z
1,2,1693927436,1,FALSE,24,1,1,0825164b-1f3f-11e7-bf6b-3863bb334450,1,0,2023-09-05T15:24:29Z
1,9,1693927436,1,FALSE,9,0,1,68eaf9f5-7b2d-4f60-9f02-9f5ba1103f80,0,1,2023-09-05T15:24:29Z
1,0,1693927435,1,FALSE,19,0,1,e823318f-8406-4230-8072-1667f5de78d4,0,0,2023-09-05T15:24:29Z
1,6,1693927433,1,FALSE,6,0,1,85c2fb24-d241-4550-8968-2cdf85462af7,0,0,2023-09-05T15:24:29Z
1,7,1693927438,1,FALSE,4,0,1,a77b8993-6d68-425e-a37a-0e613a7cb17a,1,0,2023-09-05T15:24:29Z
1,17,1693927442,1,FALSE,2,0,1,dfa896d9-9209-413d-b494-e255ef513d2c,0,0,2023-09-05T15:24:29Z
1,0,1693927441,1,FALSE,19,0,1,6d5ad96d-a704-4fa6-8b65-3ac643c5aa93,0,0,2023-09-05T15:24:29Z
1,7,1693927442,1,FALSE,5,0,1,3d8b6392-9572-4c65-b71c-fd8f03af9ab2,3,0,2023-09-05T15:24:29Z
1,9,1693927442,1,FALSE,6,0,1,42ad2bc8-22b5-40f2-8a56-e562e4ecde07,0,0,2023-09-05T15:24:29Z
1,8,1693927439,1,FALSE,11,0,1,6ffb5d30-d3f4-462b-8182-c552bebc9310,0,0,2023-09-05T15:24:29Z
1,6,1693927445,1,FALSE,12,1,1,5dfab137-f65a-41c0-99ef-d58f29a735b2,0,0,2023-09-05T15:24:29Z
1,2,1693927446,1,FALSE,9,0,1,1b55b8fa-73d6-4076-98e5-9f177d22958e,0,0,2023-09-05T15:24:29Z
1,11,1693927446,1,FALSE,4,0,1,08262494-1f3f-11e7-bf6b-3863bb334450,0,0,2023-09-05T15:24:29Z
1,0,1693927446,1,FALSE,18,0,1,21cdfe0d-71ad-4302-a003-3cfc0d355af9,0,1,2023-09-05T15:24:29Z
1,13,1693927446,1,FALSE,2,0,1,a3761e59-db36-4b61-8bb3-8d523af69b96,3,0,2023-09-05T15:24:29Z
1,4,1693927452,1,FALSE,11,0,1,987decdd-577d-4614-a6eb-307944a634b4,0,0,2023-09-05T15:24:29Z
1,28,1693927454,1,FALSE,2,0,1,082522f0-1f3f-11e7-bf6b-3863bb334450,3,2,2023-09-05T15:24:29Z
1,15,1693927454,1,FALSE,0,0,1,0825ff8d-1f3f-11e7-bf6b-3863bb334450,0,0,2023-09-05T15:24:29Z
1,22,1693927454,1,FALSE,31,0,1,0824d0c6-1f3f-11e7-bf6b-3863bb334450,0,1,2023-09-05T15:24:29Z
1,0,1693927453,1,FALSE,12,0,1,472dee60-f045-4f2e-9807-193e3ae9b661,0,0,2023-09-05T15:24:29Z
1,3,1693927449,1,FALSE,10,2,1,ee2cb739-9118-4069-b4f7-435ef53db537,0,0,2023-09-05T15:24:29Z
1,14,1693927455,1,FALSE,1,0,1,8d8a3add-40b4-41ba-bffe-5a754ebc1625,3,0,2023-09-05T15:24:29Z
1,4,1693927455,1,FALSE,14,1,1,bed9b757-0df2-4a97-a6ac-415db00e82c8,0,0,2023-09-05T15:24:29Z
1,6,1693927458,1,FALSE,8,1,1,7c46ff05-4fca-44e6-a50b-acbc57e8100b,0,0,2023-09-05T15:24:29Z
1,25,1693927459,1,FALSE,9,0,1,0824c772-1f3f-11e7-bf6b-3863bb334450,2,1,2023-09-05T15:24:29Z
1,4,1693927392,1,FALSE,14,0,1,0627dc3c-5c62-4ab1-a6f0-3635c6f80d23,0,1,2023-09-05T15:24:29Z
1,4,1693927393,1,FALSE,11,0,1,0824e2e3-1f3f-11e7-bf6b-3863bb334450,0,0,2023-09-05T15:24:29Z
1,4,1693927397,1,FALSE,11,0,1,2260574d-dbc6-4416-9f8c-3e1fcc0d9f5b,1,0,2023-09-05T15:24:29Z
1,5,1693927398,1,FALSE,5,1,1,de5bd592-0f48-4c6a-b7fc-8ff687c6e1a5,0,0,2023-09-05T15:24:29Z
1,4,1693927390,1,FALSE,14,0,1,082527e7-1f3f-11e7-bf6b-3863bb334450,0,2,2023-09-05T15:24:29Z
1,7,1693927396,1,FALSE,8,0,1,08263b6d-1f3f-11e7-bf6b-3863bb334450,0,0,2023-09-05T15:24:29Z
1,7,1693927397,1,FALSE,13,0,1,0825fa8b-1f3f-11e7-bf6b-3863bb334450,2,0,2023-09-05T15:24:29Z
1,10,1693927389,1,FALSE,5,0,1,27d919c7-7fda-41d1-9c05-2f537d5c4ce2,1,0,2023-09-05T15:24:29Z
1,3,1693927371,1,FALSE,14,0,1,29b65d73-fc99-42e3-9007-2175402a5c56,0,0,2023-09-05T15:24:29Z
1,2,1693927385,1,FALSE,10,0,1,d3cf2811-ca2e-4d2c-9843-8a90049b7b80,0,0,2023-09-05T15:24:29Z
1,12,1693927384,1,FALSE,5,0,1,082486f0-1f3f-11e7-bf6b-3863bb334450,0,0,2023-09-05T15:24:29Z
1,5,1693927394,1,FALSE,10,0,1,082652d2-1f3f-11e7-bf6b-3863bb334450,1,0,2023-09-05T15:24:29Z
1,7,1693927384,1,FALSE,8,0,1,bcb21167-85ed-4374-8807-d9409aaa01a5,0,0,2023-09-05T15:24:29Z
1,9,1693927339,1,FALSE,2,0,1,0826533b-1f3f-11e7-bf6b-3863bb334450,0,0,2023-09-05T15:24:29Z
1,10,1693927340,1,FALSE,5,0,1,9c6fb0a8-d371-433f-b52e-ca47881156b3,0,0,2023-09-05T15:24:29Z
1,3,1693927338,1,FALSE,12,0,1,7c790f6e-7889-4c3c-97d6-ffd37e68bb2d,1,0,2023-09-05T15:24:29Z
1,21,1693927361,1,FALSE,6,0,1,08249ef2-1f3f-11e7-bf6b-3863bb334450,6,0,2023-09-05T15:24:29Z
1,11,1693927342,1,FALSE,4,0,1,3dd9e864-a5fc-4c27-b18e-325226089293,2,0,2023-09-05T15:24:29Z
1,0,1693927365,1,FALSE,12,0,1,83fa4699-b2ee-4f14-af3b-167f34a62fb4,0,0,2023-09-05T15:24:29Z
1,6,1693927355,1,FALSE,6,0,1,3735d025-7e82-467c-8844-29d08d66b0e4,1,0,2023-09-05T15:24:29Z
1,2,1693927381,1,FALSE,12,0,1,082493a5-1f3f-11e7-bf6b-3863bb334450,0,1,2023-09-05T15:24:29Z
1,0,1693927400,1,FALSE,15,0,1,2a76806e-32b4-4ec6-a851-f73ba7dafda1,0,0,2023-09-05T15:24:29Z
1,9,1693927399,1,FALSE,10,0,1,f8b331c6-d208-4b17-b788-1a17d2520c40,0,0,2023-09-05T15:24:29Z
1,0,1693927355,1,FALSE,18,1,1,89263cc9-13f6-4185-b315-5164c9bb930e,0,0,2023-09-05T15:24:29Z
1,2,1693927373,1,FALSE,14,0,1,0824791a-1f3f-11e7-bf6b-3863bb334450,0,3,2023-09-05T15:24:29Z
1,2,1693927389,1,FALSE,17,0,1,55d4e20d-6b27-485e-8115-4046ac2313ea,0,0,2023-09-05T15:24:29Z
1,6,1693927390,1,FALSE,8,0,1,0825fb66-1f3f-11e7-bf6b-3863bb334450,0,0,2023-09-05T15:24:29Z
1,2,1693927406,1,FALSE,9,0,1,fe1f5f98-892e-4c51-b842-3d32c9f0b4ab,0,0,2023-09-05T15:24:29Z
1,0,1693927406,1,FALSE,11,0,1,8dfb34e2-7f75-4359-a374-5bf5e86c4793,0,0,2023-09-05T15:24:29Z
1,2,1693927403,1,FALSE,10,0,1,0824927c-1f3f-11e7-bf6b-3863bb334450,0,3,2023-09-05T15:24:29Z
1,5,1693927347,1,FALSE,10,0,1,58c07d78-f78e-4215-8548-7b0f37bafc73,0,0,2023-09-05T15:24:29Z
1,0,1693927344,1,FALSE,19,0,1,72e7c396-11ad-4e88-bf4b-e60584f748fc,0,0,2023-09-05T15:24:29Z
1,17,1693927353,1,FALSE,0,0,1,d8f65b11-57ec-4a9f-9b52-f5696e129f02,2,0,2023-09-05T15:24:29Z
1,10,1693927356,1,FALSE,4,0,1,0824844b-1f3f-11e7-bf6b-3863bb334450,0,1,2023-09-05T15:24:29Z
1,1,1693927360,1,FALSE,15,0,1,abd8bd04-94ec-4818-baf5-7f79742e982c,0,0,2023-09-05T15:24:29Z
1,2,1693927361,1,FALSE,16,1,1,4f9000ec-e47e-494e-9b49-61e95b5a6f03,1,0,2023-09-05T15:24:29Z
1,1,1693927356,1,FALSE,22,0,1,08261ee4-1f3f-11e7-bf6b-3863bb334450,0,0,2023-09-05T15:24:29Z
1,10,1693927388,1,FALSE,8,1,1,ad6ec1ce-db22-47c1-acf3-507897d40725,1,0,2023-09-05T15:24:29Z
1,5,1693927370,1,FALSE,14,0,1,082614e4-1f3f-11e7-bf6b-3863bb334450,3,0,2023-09-05T15:24:29Z
1,13,1693927392,1,FALSE,6,0,1,2574f980-163e-4b9b-8107-6145615815b3,0,0,2023-09-05T15:24:29Z
1,2,1693927365,1,FALSE,19,0,1,08252260-1f3f-11e7-bf6b-3863bb334450,1,1,2023-09-05T15:24:29Z
1,19,1693927377,1,FALSE,7,0,1,b554d2fc-8912-4730-b2cb-9a3e1a96b223,5,1,2023-09-05T15:24:29Z
1,25,1693927387,1,FALSE,1,0,1,08250172-1f3f-11e7-bf6b-3863bb334450,4,1,2023-09-05T15:24:29Z
1,1,1693927367,1,FALSE,15,0,1,889571f8-5774-4097-a31f-4b6e3f5b4381,0,0,2023-09-05T15:24:29Z
1,9,1693927372,1,FALSE,30,0,1,082484cf-1f3f-11e7-bf6b-3863bb334450,0,0,2023-09-05T15:24:29Z
1,0,1693927377,1,FALSE,12,0,1,141766fa-fa3b-4c61-8e46-a8673c910a0c,0,0,2023-09-05T15:24:29Z
1,7,1693927384,1,FALSE,6,0,1,082636d5-1f3f-11e7-bf6b-3863bb334450,1,0,2023-09-05T15:24:29Z
1,3,1693927413,1,FALSE,9,0,1,082524a2-1f3f-11e7-bf6b-3863bb334450,0,0,2023-09-05T15:24:29Z
1,7,1693927411,1,FALSE,11,0,1,af5c5675-452b-4e1f-9d9f-7f4a0c50388d,0,1,2023-09-05T15:24:29Z
1,5,1693927411,1,FALSE,14,0,1,e07eed7c-2d2a-4f13-aff7-2be6500958f7,1,0,2023-09-05T15:24:29Z
1,27,1693927410,1,FALSE,4,0,1,0824a28b-1f3f-11e7-bf6b-3863bb334450,2,0,2023-09-05T15:24:29Z
1,14,1693927415,1,FALSE,3,0,1,08251984-1f3f-11e7-bf6b-3863bb334450,0,2,2023-09-05T15:24:29Z
1,4,1693927420,1,FALSE,5,0,1,08251c45-1f3f-11e7-bf6b-3863bb334450,1,2,2023-09-05T15:24:29Z
1,9,1693927419,1,FALSE,12,0,1,0825f622-1f3f-11e7-bf6b-3863bb334450,1,2,2023-09-05T15:24:29Z
1,5,1693927419,1,FALSE,10,0,1,f0d7675e-2ce0-41e7-94f5-28ca712fa456,0,0,2023-09-05T15:24:29Z
1,5,1693927419,1,FALSE,14,0,1,0824bb59-1f3f-11e7-bf6b-3863bb334450,0,0,2023-09-05T15:24:29Z
1,11,1693927417,1,FALSE,6,0,1,d325a449-32d7-488d-b746-9455ad003834,0,0,2023-09-05T15:24:29Z
1,2,1693927421,1,FALSE,12,0,1,2213781a-5c69-43eb-9b33-346d61e7e1ba,0,1,2023-09-05T15:24:29Z
1,4,1693927421,1,FALSE,11,2,1,461df1a0-fac6-4a11-ac4c-ff795e6299c9,0,0,2023-09-05T15:24:29Z
1,15,1693927425,1,FALSE,4,0,1,a0d0ec92-ebda-436a-b476-7ee9a7bdb67d,0,0,2023-09-05T15:24:29Z
1,8,1693927421,1,FALSE,7,0,1,63fa246c-6bed-41f0-97eb-d2d7888c1db0,0,0,2023-09-05T15:24:29Z
1,7,1693927421,1,FALSE,7,0,1,ae00650a-be2d-4912-8f0d-8338b3754eed,1,0,2023-09-05T15:24:29Z
1,9,1693927431,1,FALSE,6,0,1,174fc644-1a5a-4923-a8b5-373e0ad04525,0,0,2023-09-05T15:24:29Z
1,5,1693927427,1,FALSE,7,0,1,a016ea6f-0d7f-45fb-b8ac-0cfe22cd972a,0,0,2023-09-05T15:24:29Z
1,1,1693927432,1,FALSE,18,0,1,0824799f-1f3f-11e7-bf6b-3863bb334450,1,0,2023-09-05T15:24:29Z
1,12,1693927429,1,FALSE,3,0,1,77cd13d5-f671-437a-a59c-bcc74c6b211e,2,0,2023-09-05T15:24:29Z
1,0,1693927428,1,FALSE,15,0,1,08252a00-1f3f-11e7-bf6b-3863bb334450,0,0,2023-09-05T15:24:29Z
1,1,1693927430,1,FALSE,14,0,1,082630e2-1f3f-11e7-bf6b-3863bb334450,0,0,2023-09-05T15:24:29Z
1,4,1693927435,1,FALSE,11,0,1,0825460b-1f3f-11e7-bf6b-3863bb334450,0,1,2023-09-05T15:24:29Z
1,13,1693927435,1,FALSE,1,0,1,7af26d39-a3b4-4fb3-b5b2-3acd415b9bea,0,1,2023-09-05T15:24:29Z
1,4,1693927436,1,FALSE,15,0,1,d0a82ee8-e718-4598-aa5e-dda9292c248c,0,0,2023-09-05T15:24:29Z
1,7,1693927436,1,FALSE,12,0,1,30b5e0c1-7ca6-4050-8566-3fccf0b60890,1,0,2023-09-05T15:24:29Z
1,9,1693927437,1,FALSE,6,0,1,08265262-1f3f-11e7-bf6b-3863bb334450,1,0,2023-09-05T15:24:29Z
1,8,1693927434,1,FALSE,7,0,1,0825f4f2-1f3f-11e7-bf6b-3863bb334450,0,0,2023-09-05T15:24:29Z
1,1,1693927438,1,FALSE,14,0,1,99644655-ef85-4e13-a331-a344d88ded32,0,0,2023-09-05T15:24:29Z
1,0,1693927438,1,FALSE,19,0,1,55fc40ce-5be9-4e45-9c84-daacced3c852,0,0,2023-09-05T15:24:29Z
1,7,1693927442,1,FALSE,12,0,1,ae007456-14ad-4619-a92e-e3a40f93a412,0,0,2023-09-05T15:24:29Z
1,4,1693927442,1,FALSE,15,0,1,a41e5bd2-b599-4c47-a36f-31ffa2e2dd0b,0,0,2023-09-05T15:24:29Z
1,8,1693927439,1,FALSE,3,0,1,0826444d-1f3f-11e7-bf6b-3863bb334450,0,0,2023-09-05T15:24:29Z
1,4,1693927440,1,FALSE,10,0,1,082639c8-1f3f-11e7-bf6b-3863bb334450,0,1,2023-09-05T15:24:29Z
1,14,1693927444,1,FALSE,5,0,1,d1fd7121-67e3-46a9-b415-e84a565394f2,0,0,2023-09-05T15:24:29Z
1,5,1693927444,1,FALSE,14,0,1,5f0f9566-90d4-431e-9b6d-994e26d20ec6,0,0,2023-09-05T15:24:29Z
1,5,1693927438,1,FALSE,14,0,1,66c82803-70e3-496f-9942-30e0936de3f5,1,0,2023-09-05T15:24:29Z
1,23,1693927452,1,FALSE,0,0,1,0824cdb0-1f3f-11e7-bf6b-3863bb334450,4,0,2023-09-05T15:24:29Z
1,14,1693927450,1,FALSE,4,0,1,5b745524-d0d3-4197-8c69-0ad4e5761883,0,1,2023-09-05T15:24:29Z
1,3,1693927451,1,FALSE,15,0,1,5075ddc9-7546-44a6-9445-0a48a53267df,0,1,2023-09-05T15:24:29Z
1,5,1693927451,1,FALSE,7,0,1,0824739d-1f3f-11e7-bf6b-3863bb334450,0,0,2023-09-05T15:24:29Z
1,7,1693927451,1,FALSE,5,0,1,29f174dd-e7bc-4329-a570-0220f0d1be84,0,0,2023-09-05T15:24:29Z
1,2,1693927449,1,FALSE,13,0,1,0824fd71-1f3f-11e7-bf6b-3863bb334450,1,0,2023-09-05T15:24:29Z
1,0,1693927449,1,FALSE,18,0,1,732103a1-eedd-4044-afa6-67b2d192ff22,0,1,2023-09-05T15:24:29Z
1,14,1693927445,1,FALSE,5,0,1,54962348-19dd-47b8-a816-bce25eb658a1,0,0,2023-09-05T15:24:29Z
1,0,1693927445,1,FALSE,19,0,1,7346145e-f487-4f07-acb8-ed3e0b8b56bb,0,0,2023-09-05T15:24:29Z
1,8,1693927447,1,FALSE,7,0,1,0824f3d6-1f3f-11e7-bf6b-3863bb334450,0,0,2023-09-05T15:24:29Z
1,12,1693927449,1,FALSE,3,0,1,199df30f-328b-48af-8627-952bd9d6fe7c,1,0,2023-09-05T15:24:29Z
1,15,1693927449,1,FALSE,4,0,1,07a453e5-2e14-4276-85df-49e0d6144e54,1,0,2023-09-05T15:24:29Z
1,21,1693927452,1,FALSE,10,0,1,0824e68d-1f3f-11e7-bf6b-3863bb334450,0,0,2023-09-05T15:24:29Z
1,4,1693927453,1,FALSE,8,0,1,e2a96f4c-801e-4cf8-be0f-f767a5d8ca1b,0,0,2023-09-05T15:24:29Z
1,4,1693927454,1,FALSE,10,0,1,0826518d-1f3f-11e7-bf6b-3863bb334450,0,1,2023-09-05T15:24:29Z
1,15,1693927454,1,FALSE,0,0,1,e84a9c46-89ce-45dc-866f-fe8cbc50e88e,1,0,2023-09-05T15:24:29Z
1,9,1693927457,1,FALSE,3,0,1,08254d7e-1f3f-11e7-bf6b-3863bb334450,0,0,2023-09-05T15:24:29Z
1,13,1693927458,1,FALSE,1,1,1,9973e0f4-23dd-4b50-9ef4-8408fa8a1105,0,0,2023-09-05T15:24:29Z
1,14,1693927458,1,FALSE,1,0,1,08263f4a-1f3f-11e7-bf6b-3863bb334450,0,0,2023-09-05T15:24:29Z
1,7,1693927458,1,FALSE,5,0,1,4b55ad18-eb2e-47b5-aaeb-aefd6ad856fd,0,0,2023-09-05T15:24:29Z
1,8,1693927358,1,FALSE,7,0,1,08261fb3-1f3f-11e7-bf6b-3863bb334450,0,0,2023-09-05T15:24:29Z
1,12,1693927353,1,FALSE,3,0,1,5945c731-a300-46e6-8e51-3236ad1f65f2,0,0,2023-09-05T15:24:29Z
1,4,1693927357,1,FALSE,11,0,1,c51f0090-a4f9-416d-a18b-6e0505b1dca1,1,0,2023-09-05T15:24:29Z
1,0,1693927359,1,FALSE,19,0,1,c77801a4-2795-4f72-825e-c02f8facb72f,0,0,2023-09-05T15:24:29Z
1,7,1693927364,1,FALSE,8,0,1,0824ee0d-1f3f-11e7-bf6b-3863bb334450,0,0,2023-09-05T15:24:29Z
1,13,1693927348,1,FALSE,4,0,1,08256742-1f3f-11e7-bf6b-3863bb334450,3,2,2023-09-05T15:24:29Z
1,0,1693927349,1,FALSE,19,0,1,e9611824-0245-4482-bc8b-970c0eface40,0,0,2023-09-05T15:24:29Z
1,0,1693927351,1,FALSE,19,0,1,7995da4d-4d99-4797-bb9f-37a51a28cc09,0,0,2023-09-05T15:24:29Z
1,16,1693927341,1,FALSE,3,0,1,1b1fd2f7-bcbd-43a2-bed1-ddf8e3cc4614,1,0,2023-09-05T15:24:29Z
1,8,1693927340,1,FALSE,10,0,1,804fb759-1127-4059-a67a-c1fdd5d98082,0,0,2023-09-05T15:24:29Z
1,3,1693927365,1,FALSE,12,0,1,183f8ffb-756c-4271-8d9a-a5cde3f13116,0,0,2023-09-05T15:24:29Z
1,14,1693927374,1,FALSE,4,0,1,99e66f13-6f03-4872-9f34-bcd92fe519fd,1,1,2023-09-05T15:24:29Z
1,12,1693927386,1,FALSE,7,0,1,c645ddde-0156-47ab-9616-3121f541a6f0,0,0,2023-09-05T15:24:29Z
1,9,1693927381,1,FALSE,3,0,1,33ae16de-ca5b-4253-9096-35ccae7bb8dd,0,0,2023-09-05T15:24:29Z
1,3,1693927387,1,FALSE,7,0,1,082653a6-1f3f-11e7-bf6b-3863bb334450,0,1,2023-09-05T15:24:29Z
1,8,1693927389,1,FALSE,4,0,1,08254a1e-1f3f-11e7-bf6b-3863bb334450,0,0,2023-09-05T15:24:29Z
1,9,1693927376,1,FALSE,10,0,1,336a1fe2-8e92-49ad-ab6a-c6c392d3edcd,0,0,2023-09-05T15:24:29Z
1,2,1693927410,1,FALSE,16,0,1,e9030e46-31bf-4def-befb-2e685ad48180,0,0,2023-09-05T15:24:29Z
1,4,1693927412,1,FALSE,11,0,1,0825275b-1f3f-11e7-bf6b-3863bb334450,0,0,2023-09-05T15:24:29Z
1,10,1693927412,1,FALSE,2,0,1,9f03d90d-a7ff-433e-9718-b8066c82c5f1,0,0,2023-09-05T15:24:29Z
1,0,1693927412,1,FALSE,18,1,1,c361d993-ebd8-4110-b10e-6bd2055fbe05,0,0,2023-09-05T15:24:29Z
1,4,1693927411,1,FALSE,10,1,1,fbd404e2-bd4c-464b-b0db-9eaa011a90ae,0,0,2023-09-05T15:24:29Z
1,3,1693927413,1,FALSE,14,0,1,d2a6b8ef-0d6d-4037-84e4-b905142031fa,0,2,2023-09-05T15:24:29Z
1,0,1693927414,1,FALSE,19,0,1,4ae62d55-b4b3-47d7-ada9-79185e2be3b9,0,0,2023-09-05T15:24:29Z
1,3,1693927414,1,FALSE,16,0,1,343aa3f9-0b2f-4599-9854-81cbc04577f4,0,0,2023-09-05T15:24:29Z
1,7,1693927414,1,FALSE,4,0,1,082616fc-1f3f-11e7-bf6b-3863bb334450,1,0,2023-09-05T15:24:29Z
1,0,1693927416,1,FALSE,19,0,1,9b9156b3-51c3-44c8-af49-46e3f4dea30f,0,0,2023-09-05T15:24:29Z
1,11,1693927416,1,FALSE,9,0,1,0824ff6e-1f3f-11e7-bf6b-3863bb334450,0,0,2023-09-05T15:24:29Z
1,4,1693927420,1,FALSE,11,0,1,0824c29d-1f3f-11e7-bf6b-3863bb334450,2,0,2023-09-05T15:24:29Z
1,14,1693927422,1,FALSE,7,0,1,60e5f9b2-611b-4713-b34a-8ce2c2ee8ac8,1,2,2023-09-05T15:24:29Z
1,3,1693927423,1,FALSE,16,0,1,a7b98322-bdbb-421e-b2e4-1bb42ef9d01f,1,0,2023-09-05T15:24:29Z
1,4,1693927423,1,FALSE,7,0,1,0826366d-1f3f-11e7-bf6b-3863bb334450,1,0,2023-09-05T15:24:29Z
1,2,1693927430,1,FALSE,10,0,1,72c402d9-63d9-4025-95a9-1577a34e5f52,1,0,2023-09-05T15:24:29Z
1,4,1693927424,1,FALSE,11,0,1,a44778cc-274f-49d5-80dc-6e031113a7e3,0,1,2023-09-05T15:24:29Z
1,5,1693927425,1,FALSE,11,0,1,bc1a59ac-f82d-44bd-9f2d-b5801f8bbb8d,0,0,2023-09-05T15:24:29Z
1,1,1693927425,1,FALSE,10,0,1,0826373c-1f3f-11e7-bf6b-3863bb334450,0,0,2023-09-05T15:24:29Z
1,32,1693927428,1,FALSE,12,1,1,08249dad-1f3f-11e7-bf6b-3863bb334450,5,0,2023-09-05T15:24:29Z
1,4,1693927426,1,FALSE,15,0,1,4784f152-5012-49fc-b1bb-723a6d73aa09,1,0,2023-09-05T15:24:29Z
1,0,1693927426,1,FALSE,23,0,1,0824c376-1f3f-11e7-bf6b-3863bb334450,0,0,2023-09-05T15:24:29Z
1,6,1693927427,1,FALSE,6,0,1,065defed-8e90-46b9-a106-28d590704cf8,0,0,2023-09-05T15:24:29Z
1,15,1693927431,1,FALSE,0,0,1,08247aa4-1f3f-11e7-bf6b-3863bb334450,1,0,2023-09-05T15:24:29Z
1,11,1693927431,1,FALSE,8,0,1,79ae0ec5-9bbd-41ee-a9e9-7753233b5e77,0,0,2023-09-05T15:24:29Z
1,12,1693927391,1,FALSE,3,0,1,ce3db0b4-8c4f-4c6c-a059-73fff08c1edf,2,0,2023-09-05T15:24:29Z
1,13,1693927344,1,FALSE,3,0,1,f69c2ab2-8d2b-493a-9da4-3a76d0e34753,0,0,2023-09-05T15:24:29Z
1,0,1693927396,1,FALSE,14,0,1,97506e92-1d23-4396-8ec8-e1901ccc22fa,0,0,2023-09-05T15:24:29Z
1,2,1693927434,1,FALSE,10,0,1,08251ded-1f3f-11e7-bf6b-3863bb334450,0,0,2023-09-05T15:24:29Z
1,2,1693927434,1,FALSE,13,0,1,08246e8c-1f3f-11e7-bf6b-3863bb334450,0,1,2023-09-05T15:24:29Z
1,10,1693927431,1,FALSE,1,0,1,13a88d55-7065-4bf0-9472-b78e8fafdfb3,2,0,2023-09-05T15:24:29Z
1,1,1693927434,1,FALSE,11,0,1,08246d68-1f3f-11e7-bf6b-3863bb334450,0,0,2023-09-05T15:24:29Z
1,1,1693927433,1,FALSE,13,0,1,0825f6b3-1f3f-11e7-bf6b-3863bb334450,0,1,2023-09-05T15:24:29Z
1,8,1693927435,1,FALSE,7,0,1,0824cb9b-1f3f-11e7-bf6b-3863bb334450,1,0,2023-09-05T15:24:29Z
1,5,1693927440,1,FALSE,14,0,1,a6076d62-317a-40be-80a3-5654a042c20a,0,0,2023-09-05T15:24:29Z
1,16,1693927440,1,FALSE,2,1,1,99ddcd49-1312-4d80-8030-9bc2732deb5c,0,0,2023-09-05T15:24:29Z
1,6,1693927440,1,FALSE,4,0,1,39d08937-66b3-4fd8-89d0-49e5144f1922,2,0,2023-09-05T15:24:29Z
1,3,1693927438,1,FALSE,16,0,1,3dc3100e-7a4c-4d34-8b92-e820f1bd46a0,0,0,2023-09-05T15:24:29Z
1,0,1693927437,1,FALSE,19,0,1,101824b5-2dd0-464c-bc7e-30481e00e6d7,0,0,2023-09-05T15:24:29Z
1,17,1693927441,1,FALSE,14,0,1,08249e81-1f3f-11e7-bf6b-3863bb334450,0,0,2023-09-05T15:24:29Z
1,3,1693927441,1,FALSE,12,0,1,0826256c-1f3f-11e7-bf6b-3863bb334450,0,0,2023-09-05T15:24:29Z
1,7,1693927444,1,FALSE,8,0,1,082600d8-1f3f-11e7-bf6b-3863bb334450,0,0,2023-09-05T15:24:29Z
1,4,1693927443,1,FALSE,11,0,1,0099b016-32c9-4536-ac4c-dcc1a117bd95,1,0,2023-09-05T15:24:29Z
1,12,1693927443,1,FALSE,0,0,1,08252645-1f3f-11e7-bf6b-3863bb334450,1,0,2023-09-05T15:24:29Z
1,0,1693927446,1,FALSE,30,0,1,08247a21-1f3f-11e7-bf6b-3863bb334450,0,1,2023-09-05T15:24:29Z
1,3,1693927447,1,FALSE,12,0,1,d39e9b29-0ba7-453f-9f1e-b0a856d448b7,1,0,2023-09-05T15:24:29Z
1,22,1693927446,1,FALSE,2,0,1,0824a43b-1f3f-11e7-bf6b-3863bb334450,2,0,2023-09-05T15:24:29Z
1,8,1693927442,1,FALSE,3,0,1,082634c6-1f3f-11e7-bf6b-3863bb334450,2,0,2023-09-05T15:24:29Z
1,16,1693927445,1,FALSE,3,0,1,0248fa3b-6df4-4fdc-ae31-ee2e4d177da8,2,0,2023-09-05T15:24:29Z
1,4,1693927354,1,FALSE,13,0,1,08247310-1f3f-11e7-bf6b-3863bb334450,0,0,2023-09-05T15:24:29Z
1,2,1693927339,1,FALSE,10,0,1,0825467b-1f3f-11e7-bf6b-3863bb334450,1,0,2023-09-05T15:24:29Z
1,3,1693927363,1,FALSE,8,0,1,2f12b7e0-a0f1-49ed-92d8-784133ea9168,2,0,2023-09-05T15:24:29Z
1,10,1693927379,1,FALSE,5,0,1,08246cd5-1f3f-11e7-bf6b-3863bb334450,0,1,2023-09-05T15:24:29Z
1,5,1693927372,1,FALSE,6,0,1,0824980b-1f3f-11e7-bf6b-3863bb334450,3,0,2023-09-05T15:24:29Z
1,3,1693927376,1,FALSE,12,0,1,305ce636-23c1-42f3-a28b-8be4feca2e05,0,0,2023-09-05T15:24:29Z
1,7,1693927397,1,FALSE,8,0,1,3ced143d-294e-4050-80a7-b40d76c42c0d,0,0,2023-09-05T15:24:29Z
1,14,1693927392,1,FALSE,5,0,1,0826242b-1f3f-11e7-bf6b-3863bb334450,2,0,2023-09-05T15:24:29Z
1,11,1693927382,1,FALSE,7,1,1,e710493d-96af-49da-a8ed-8e3e7301c82c,1,0,2023-09-05T15:24:29Z
1,1,1693927404,1,FALSE,16,0,1,08251e7d-1f3f-11e7-bf6b-3863bb334450,0,0,2023-09-05T15:24:29Z
1,6,1693927404,1,FALSE,9,0,1,08262094-1f3f-11e7-bf6b-3863bb334450,0,0,2023-09-05T15:24:29Z
1,3,1693927402,1,FALSE,9,0,1,33efb11b-052f-437e-ab74-2e6b4661822d,1,0,2023-09-05T15:24:29Z
1,1,1693927402,1,FALSE,16,1,1,08247baa-1f3f-11e7-bf6b-3863bb334450,0,1,2023-09-05T15:24:29Z
1,2,1693927393,1,FALSE,7,0,1,0826029e-1f3f-11e7-bf6b-3863bb334450,1,1,2023-09-05T15:24:29Z
1,15,1693927405,1,FALSE,0,0,1,d4e8307d-5fb2-4ece-a66a-1522b1ebf79c,1,0,2023-09-05T15:24:29Z
1,12,1693927405,1,FALSE,2,0,1,0826502d-1f3f-11e7-bf6b-3863bb334450,0,1,2023-09-05T15:24:29Z
1,2,1693927406,1,FALSE,8,0,1,08247f59-1f3f-11e7-bf6b-3863bb334450,0,1,2023-09-05T15:24:29Z
1,5,1693927408,1,FALSE,10,0,1,08263d19-1f3f-11e7-bf6b-3863bb334450,5,0,2023-09-05T15:24:29Z
1,8,1693927404,1,FALSE,3,0,1,c271d265-76c8-49f9-9b3c-b9490fb97ac0,0,0,2023-09-05T15:24:29Z
1,10,1693927408,1,FALSE,9,0,1,fd44b399-4a55-4bbe-a326-20d138a2f0eb,1,0,2023-09-05T15:24:29Z
1,2,1693927449,1,FALSE,9,0,1,d61b3881-e324-4c6d-aa92-849716c70b04,0,0,2023-09-05T15:24:29Z
1,3,1693927449,1,FALSE,12,0,1,0824cfe7-1f3f-11e7-bf6b-3863bb334450,0,0,2023-09-05T15:24:29Z
1,6,1693927450,1,FALSE,5,0,1,3c6a1bf0-3aac-4406-990d-966cc8edca52,0,0,2023-09-05T15:24:29Z
1,5,1693927450,1,FALSE,10,0,1,5f060548-684b-469b-8825-66c80d77a874,0,0,2023-09-05T15:24:29Z
1,19,1693927450,1,FALSE,0,0,1,3d461075-4edb-497f-89d7-b7beb7595b20,4,0,2023-09-05T15:24:29Z
1,19,1693927451,1,FALSE,4,0,1,0824e24c-1f3f-11e7-bf6b-3863bb334450,4,0,2023-09-05T15:24:29Z
1,12,1693927449,1,FALSE,5,0,1,44b6aaca-6a97-425c-9d95-93a1d836c22d,2,2,2023-09-05T15:24:29Z
1,15,1693927453,1,FALSE,0,0,1,0824741d-1f3f-11e7-bf6b-3863bb334450,1,0,2023-09-05T15:24:29Z
1,33,1693927454,1,FALSE,0,0,1,0825fca2-1f3f-11e7-bf6b-3863bb334450,7,2,2023-09-05T15:24:29Z
1,9,1693927455,1,FALSE,3,0,1,082528fb-1f3f-11e7-bf6b-3863bb334450,1,0,2023-09-05T15:24:29Z
1,0,1693927455,1,FALSE,15,0,1,08264392-1f3f-11e7-bf6b-3863bb334450,0,0,2023-09-05T15:24:29Z
1,1,1693927456,1,FALSE,13,1,1,ed8f70f3-15e3-448c-86c5-d27d87402ad3,0,0,2023-09-05T15:24:29Z
1,3,1693927456,1,FALSE,12,0,1,082625d9-1f3f-11e7-bf6b-3863bb334450,0,0,2023-09-05T15:24:29Z
1,5,1693927458,1,FALSE,13,0,1,7fcbf92d-a257-4973-828b-181d5602eee5,1,1,2023-09-05T15:24:29Z
1,4,1693927458,1,FALSE,11,0,1,08263bd6-1f3f-11e7-bf6b-3863bb334450,0,0,2023-09-05T15:24:29Z
1,5,1693927360,1,FALSE,10,0,1,c9760156-83bd-4a7d-9dfa-85d7ee463f62,0,0,2023-09-05T15:24:29Z
1,14,1693927361,1,FALSE,7,0,1,472d3644-c8f4-4912-ad84-79f11cee2e49,2,0,2023-09-05T15:24:29Z
1,6,1693927380,1,FALSE,13,0,1,52ba8179-5dda-404f-abba-796b3f645434,1,0,2023-09-05T15:24:29Z
1,15,1693927382,1,FALSE,4,0,1,0cabc1c7-cf6f-4afd-9242-c011b77f6330,0,0,2023-09-05T15:24:29Z
1,10,1693927353,1,FALSE,5,0,1,08263885-1f3f-11e7-bf6b-3863bb334450,0,0,2023-09-05T15:24:29Z
1,18,1693927386,1,FALSE,1,0,1,08249e19-1f3f-11e7-bf6b-3863bb334450,3,0,2023-09-05T15:24:29Z
1,3,1693927340,1,FALSE,12,0,1,e800b2e8-5d8c-4ca1-920b-9622fa2a87ea,1,0,2023-09-05T15:24:29Z
1,0,1693927347,1,FALSE,18,0,1,880978b9-5084-4576-a206-8d94cdbf4427,0,1,2023-09-05T15:24:29Z
1,1,1693927339,1,FALSE,13,0,1,0825fddc-1f3f-11e7-bf6b-3863bb334450,1,0,2023-09-05T15:24:29Z
1,0,1693927342,1,FALSE,18,0,1,3f1dfbbd-7b34-4efd-91a3-60acad4cf42f,0,1,2023-09-05T15:24:29Z
1,9,1693927365,1,FALSE,6,0,1,686c82c2-23fe-4c15-9c75-708f61de98c7,0,0,2023-09-05T15:24:29Z
1,6,1693927360,1,FALSE,6,0,1,edb40673-8b68-4db1-b9bf-6cb7943fdb50,0,0,2023-09-05T15:24:29Z
1,5,1693927395,1,FALSE,14,0,1,0824eb1b-1f3f-11e7-bf6b-3863bb334450,1,0,2023-09-05T15:24:29Z
1,5,1693927381,1,FALSE,14,0,1,08246f1f-1f3f-11e7-bf6b-3863bb334450,0,0,2023-09-05T15:24:29Z
1,14,1693927384,1,FALSE,1,0,1,08253e7e-1f3f-11e7-bf6b-3863bb334450,3,0,2023-09-05T15:24:29Z
1,33,1693927370,1,FALSE,0,0,1,96ce48cf-5d98-4dfb-86b1-f461230cd193,2,0,2023-09-05T15:24:29Z
1,2,1693927376,1,FALSE,17,0,1,177f7198-8814-4068-b809-b6074346d2e9,0,0,2023-09-05T15:24:29Z
1,8,1693927381,1,FALSE,4,0,1,f75a76bb-34fc-4ee3-81d9-f23d9867017d,0,0,2023-09-05T15:24:29Z
1,1,1693927380,1,FALSE,30,0,1,0824749f-1f3f-11e7-bf6b-3863bb334450,0,0,2023-09-05T15:24:29Z
1,7,1693927388,1,FALSE,8,0,1,7a00f0f5-f757-4715-9e89-58253ac36de0,2,0,2023-09-05T15:24:29Z
1,11,1693927371,1,FALSE,4,0,1,599f7a69-823e-419a-b70e-8f9666dd4bd1,2,0,2023-09-05T15:24:29Z
1,5,1693927388,1,FALSE,7,0,1,f4402219-23c9-43ce-8af4-62984ee9ab68,0,0,2023-09-05T15:24:29Z
1,12,1693927394,1,FALSE,25,0,1,5f71434d-dc5c-45ff-8219-708a3d9a0691,0,2,2023-09-05T15:24:29Z
1,0,1693927400,1,FALSE,15,0,1,fc64c842-980f-40be-a4b6-7750a28ecc19,0,0,2023-09-05T15:24:29Z
1,5,1693927400,1,FALSE,12,0,1,08247632-1f3f-11e7-bf6b-3863bb334450,1,1,2023-09-05T15:24:29Z
1,1,1693927340,1,FALSE,11,0,1,08254c82-1f3f-11e7-bf6b-3863bb334450,0,0,2023-09-05T15:24:29Z
1,10,1693927389,1,FALSE,8,0,1,eda09ed8-ca5e-4187-938c-3260cabdf82d,0,1,2023-09-05T15:24:29Z
1,4,1693927372,1,FALSE,6,0,1,5f19b359-6bc4-45f6-bdcf-31352690e6ee,0,1,2023-09-05T15:24:29Z
1,3,1693927401,1,FALSE,9,0,1,0824fb6c-1f3f-11e7-bf6b-3863bb334450,0,0,2023-09-05T15:24:29Z
1,8,1693927383,1,FALSE,2,0,1,0eae33bc-0b63-4120-ac4d-1e4ac729d524,0,1,2023-09-05T15:24:29Z
1,0,1693927389,1,FALSE,23,0,1,0824bc00-1f3f-11e7-bf6b-3863bb334450,0,0,2023-09-05T15:24:29Z
1,8,1693927390,1,FALSE,7,0,1,082546fc-1f3f-11e7-bf6b-3863bb334450,1,0,2023-09-05T15:24:29Z
1,3,1693927401,1,FALSE,9,0,1,08254e55-1f3f-11e7-bf6b-3863bb334450,1,0,2023-09-05T15:24:29Z
1,5,1693927377,1,FALSE,4,0,1,0825e443-1f3f-11e7-bf6b-3863bb334450,1,2,2023-09-05T15:24:29Z
1,10,1693927395,1,FALSE,5,0,1,08263601-1f3f-11e7-bf6b-3863bb334450,0,0,2023-09-05T15:24:29Z
1,21,1693927402,1,FALSE,2,0,1,08253908-1f3f-11e7-bf6b-3863bb334450,4,0,2023-09-05T15:24:29Z
1,16,1693927401,1,FALSE,3,0,1,0824a68f-1f3f-11e7-bf6b-3863bb334450,0,2,2023-09-05T15:24:29Z
1,2,1693927392,1,FALSE,20,0,1,efe6a4e1-5900-46d6-9755-db074f87c5c2,0,0,2023-09-05T15:24:29Z
1,15,1693927402,1,FALSE,2,0,1,f0d65475-a505-474b-a40f-2488459105ac,3,0,2023-09-05T15:24:29Z
1,0,1693927408,1,FALSE,17,0,1,48ca5477-32a2-485d-961d-5371f2d1d5e1,0,2,2023-09-05T15:24:29Z
1,0,1693927408,1,FALSE,12,0,1,08254123-1f3f-11e7-bf6b-3863bb334450,0,0,2023-09-05T15:24:29Z
1,10,1693927411,1,FALSE,3,0,1,0825bf2b-1f3f-11e7-bf6b-3863bb334450,4,2,2023-09-05T15:24:29Z
1,0,1693927412,1,FALSE,15,0,1,082651f8-1f3f-11e7-bf6b-3863bb334450,0,0,2023-09-05T15:24:29Z
1,13,1693927412,1,FALSE,4,2,1,8a10969e-9861-4926-bda6-f0b58a0c253d,1,0,2023-09-05T15:24:29Z
1,1,1693927412,1,FALSE,18,0,1,909f576d-3523-4646-aa26-900ba8c9cd13,0,0,2023-09-05T15:24:29Z
1,1,1693927410,1,FALSE,12,0,1,730f282a-2f5b-4fda-b82f-5c94b3d5a2a6,0,0,2023-09-05T15:24:29Z
1,9,1693927410,1,FALSE,6,0,1,08263a37-1f3f-11e7-bf6b-3863bb334450,0,1,2023-09-05T15:24:29Z
1,5,1693927407,1,FALSE,18,0,1,08251f03-1f3f-11e7-bf6b-3863bb334450,0,0,2023-09-05T15:24:29Z
1,5,1693927406,1,FALSE,14,0,1,c778c501-ba47-479b-b652-831432ffd74f,2,0,2023-09-05T15:24:29Z
1,11,1693927416,1,FALSE,4,0,1,1e196ee1-daa4-4fa6-b6f8-197b31e6d170,0,0,2023-09-05T15:24:29Z
1,3,1693927419,1,FALSE,12,0,1,68bb0313-ccdb-4930-98ba-96d77ec986ef,0,0,2023-09-05T15:24:29Z
1,13,1693927414,1,FALSE,6,0,1,9f86df22-57d4-498a-ab35-2d3fb76e4723,0,0,2023-09-05T15:24:29Z
1,7,1693927428,1,FALSE,7,0,1,32a59636-02e5-4c53-a437-020986923dca,2,1,2023-09-05T15:24:29Z
1,7,1693927428,1,FALSE,12,0,1,08247ed8-1f3f-11e7-bf6b-3863bb334450,2,0,2023-09-05T15:24:29Z
1,6,1693927427,1,FALSE,20,0,1,5d8b76d9-ae82-464b-87f1-37553a9fec6c,2,1,2023-09-05T15:24:29Z
1,4,1693927425,1,FALSE,7,0,1,08249671-1f3f-11e7-bf6b-3863bb334450,0,0,2023-09-05T15:24:29Z
1,3,1693927426,1,FALSE,15,0,1,08265563-1f3f-11e7-bf6b-3863bb334450,0,1,2023-09-05T15:24:29Z
1,0,1693927425,1,FALSE,14,0,1,0824866e-1f3f-11e7-bf6b-3863bb334450,0,1,2023-09-05T15:24:29Z
1,9,1693927431,1,FALSE,2,0,1,79f2ceeb-df84-42dd-bf22-ceb9bc384af2,3,1,2023-09-05T15:24:29Z
1,2,1693927432,1,FALSE,13,0,1,ce78d5f4-486a-4a64-8518-5a10bfd7ef94,0,0,2023-09-05T15:24:29Z
1,0,1693927434,1,FALSE,16,0,1,08251cd1-1f3f-11e7-bf6b-3863bb334450,0,0,2023-09-05T15:24:29Z
1,4,1693927430,1,FALSE,11,0,1,5d8d5182-ea42-49ec-8cae-8891759f5751,0,0,2023-09-05T15:24:29Z
1,2,1693927433,1,FALSE,10,0,1,1cc6ee60-b82f-4264-a490-6c3e5e656ccd,0,0,2023-09-05T15:24:29Z
1,2,1693927429,1,FALSE,9,0,1,0826359a-1f3f-11e7-bf6b-3863bb334450,0,0,2023-09-05T15:24:29Z
1,30,1693927430,1,FALSE,8,0,1,0824c604-1f3f-11e7-bf6b-3863bb334450,3,1,2023-09-05T15:24:29Z
1,0,1693927431,1,FALSE,11,0,1,9029233f-84db-4f28-895d-8ecf727fb6d2,0,0,2023-09-05T15:24:29Z
1,7,1693927450,1,FALSE,7,1,1,d49c5d1b-d02b-4c35-b60d-ed3cc6d51479,0,0,2023-09-05T15:24:29Z
1,9,1693927450,1,FALSE,6,0,1,068e6359-1741-4240-9ed1-07a9038bc319,0,0,2023-09-05T15:24:29Z
1,0,1693927447,1,FALSE,14,0,1,082485e8-1f3f-11e7-bf6b-3863bb334450,0,0,2023-09-05T15:24:29Z
1,6,1693927450,1,FALSE,8,0,1,08252387-1f3f-11e7-bf6b-3863bb334450,1,0,2023-09-05T15:24:29Z
1,1,1693927438,1,FALSE,16,0,1,cdaa435b-2b99-442a-a274-d6682067ad88,1,0,2023-09-05T15:24:29Z
1,1,1693927438,1,FALSE,11,0,1,5017ea72-2248-4ba8-af83-d9c9718b51e0,0,0,2023-09-05T15:24:29Z
1,7,1693927439,1,FALSE,11,0,1,3f177fa3-6267-4138-82b3-6b528d71d3b2,0,0,2023-09-05T15:24:29Z
1,15,1693927439,1,FALSE,24,0,1,08247522-1f3f-11e7-bf6b-3863bb334450,0,0,2023-09-05T15:24:29Z
1,9,1693927440,1,FALSE,8,0,1,0825f344-1f3f-11e7-bf6b-3863bb334450,1,2,2023-09-05T15:24:29Z
1,8,1693927435,1,FALSE,4,0,1,071dcbf5-3f1e-45e0-a4a5-8717adb8743f,0,0,2023-09-05T15:24:29Z
1,7,1693927437,1,FALSE,12,0,1,c139589c-fe21-4834-a2a1-5528f7dd2152,1,0,2023-09-05T15:24:29Z
1,3,1693927441,1,FALSE,15,0,1,cd1394fa-9d06-4665-bd1c-d7580d97a550,1,0,2023-09-05T15:24:29Z
1,1,1693927437,1,FALSE,20,2,1,0825459a-1f3f-11e7-bf6b-3863bb334450,0,1,2023-09-05T15:24:29Z
1,6,1693927441,1,FALSE,13,0,1,a62f9324-6f6e-4bdb-9206-3ca05517e607,0,0,2023-09-05T15:24:29Z
1,7,1693927437,1,FALSE,12,0,1,0541e06c-642c-4f31-9f24-19bfcbb8811d,1,0,2023-09-05T15:24:29Z
1,11,1693927422,1,FALSE,3,1,1,a10f8bfa-1324-411c-b358-3fbd94eff32b,0,0,2023-09-05T15:24:29Z
1,9,1693927421,1,FALSE,6,0,1,082521d3-1f3f-11e7-bf6b-3863bb334450,0,0,2023-09-05T15:24:29Z
1,6,1693927419,1,FALSE,13,0,1,90682a3e-9cb2-43d1-b104-61c50043d35b,0,0,2023-09-05T15:24:29Z
1,4,1693927419,1,FALSE,11,0,1,50cce12f-505a-414c-8b58-5bd4204a385e,0,0,2023-09-05T15:24:29Z
1,10,1693927420,1,FALSE,12,0,1,082526d1-1f3f-11e7-bf6b-3863bb334450,2,1,2023-09-05T15:24:29Z
1,1,1693927420,1,FALSE,14,0,1,082525bb-1f3f-11e7-bf6b-3863bb334450,0,0,2023-09-05T15:24:29Z
1,0,1693927424,1,FALSE,19,0,1,3900eddf-b06d-4763-af70-1126603508d0,0,0,2023-09-05T15:24:29Z
1,12,1693927421,1,FALSE,3,0,1,08262027-1f3f-11e7-bf6b-3863bb334450,0,0,2023-09-05T15:24:29Z
1,4,1693927421,1,FALSE,11,0,1,199ecf43-3fcc-446e-8b91-e151e7ad617f,0,0,2023-09-05T15:24:29Z
1,6,1693927445,1,FALSE,6,0,1,8aa43882-2e93-41fb-b55d-a6a15b5b446b,0,0,2023-09-05T15:24:29Z
1,1,1693927446,1,FALSE,17,0,1,db81ad06-aad3-4e23-b2b9-05b39b41f8fc,0,0,2023-09-05T15:24:29Z
1,3,1693927446,1,FALSE,7,1,1,b6ea8d82-3226-4aef-a1d2-78076110e718,1,0,2023-09-05T15:24:29Z
1,8,1693927443,1,FALSE,4,0,1,08254a91-1f3f-11e7-bf6b-3863bb334450,0,0,2023-09-05T15:24:29Z
1,11,1693927443,1,FALSE,0,0,1,523db239-4cfe-4d84-b8ff-60f1ad4d342c,4,0,2023-09-05T15:24:29Z
1,2,1693927455,1,FALSE,27,0,1,0824f8a2-1f3f-11e7-bf6b-3863bb334450,1,0,2023-09-05T15:24:29Z
1,3,1693927456,1,FALSE,11,0,1,e581e0b6-51ea-416a-9ae7-6fe5219d7156,2,0,2023-09-05T15:24:29Z
1,11,1693927451,1,FALSE,2,0,1,0825f58d-1f3f-11e7-bf6b-3863bb334450,0,2,2023-09-05T15:24:29Z
1,5,1693927452,1,FALSE,10,0,1,0824f16b-1f3f-11e7-bf6b-3863bb334450,1,0,2023-09-05T15:24:29Z
1,0,1693927452,1,FALSE,19,0,1,fe755eaf-7f1f-48df-bc40-f51d2af775d1,0,0,2023-09-05T15:24:29Z
1,1,1693927455,1,FALSE,11,0,1,08251bba-1f3f-11e7-bf6b-3863bb334450,1,0,2023-09-05T15:24:29Z
1,1,1693927341,1,FALSE,18,0,1,30c5787e-6fdb-421d-8eaf-32e652dbeae2,0,0,2023-09-05T15:24:29Z
1,2,1693927339,1,FALSE,15,0,1,08246c35-1f3f-11e7-bf6b-3863bb334450,0,0,2023-09-05T15:24:29Z
1,3,1693927339,1,FALSE,14,0,1,3c8cebaf-4155-47d8-8272-9d65831f33b8,0,0,2023-09-05T15:24:29Z
1,6,1693927359,1,FALSE,6,0,1,bc5c6cf3-1c33-457f-a13d-f358c9909dc2,0,0,2023-09-05T15:24:29Z
1,7,1693927345,1,FALSE,8,0,1,f33b7c9d-11ff-4059-94e4-4a1206acd7a6,3,0,2023-09-05T15:24:29Z
1,4,1693927364,1,FALSE,7,0,1,a826e5d0-8ee8-41a4-8c1d-1a2ad7212dec,0,0,2023-09-05T15:24:29Z
1,3,1693927365,1,FALSE,16,0,1,08261ccf-1f3f-11e7-bf6b-3863bb334450,0,0,2023-09-05T15:24:29Z
1,0,1693927377,1,FALSE,22,0,1,53ebbf74-92df-4665-b863-25bd2d96e0b7,0,1,2023-09-05T15:24:29Z
1,2,1693927391,1,FALSE,10,0,1,0d183ef3-5510-4afd-8e0d-8d240d119255,0,0,2023-09-05T15:24:29Z
1,0,1693927365,1,FALSE,23,0,1,0824de05-1f3f-11e7-bf6b-3863bb334450,0,0,2023-09-05T15:24:29Z
1,5,1693927368,1,FALSE,14,0,1,825f1146-bd56-4b4a-acfa-ff9d95472723,1,0,2023-09-05T15:24:29Z
1,12,1693927361,1,FALSE,0,0,1,8e3245e2-f310-4173-9c2d-9ad00587a23c,1,0,2023-09-05T15:24:29Z
1,2,1693927363,1,FALSE,11,0,1,0825f9b6-1f3f-11e7-bf6b-3863bb334450,0,1,2023-09-05T15:24:29Z
1,3,1693927379,1,FALSE,15,1,1,0825176c-1f3f-11e7-bf6b-3863bb334450,2,0,2023-09-05T15:24:29Z
1,12,1693927389,1,FALSE,6,0,1,1b02c95b-63f9-41cd-8c0d-90334a29c7ce,0,1,2023-09-05T15:24:29Z
1,7,1693927383,1,FALSE,4,0,1,082637a5-1f3f-11e7-bf6b-3863bb334450,0,0,2023-09-05T15:24:29Z
1,8,1693927376,1,FALSE,7,0,1,082638f2-1f3f-11e7-bf6b-3863bb334450,0,0,2023-09-05T15:24:29Z
1,5,1693927385,1,FALSE,9,1,1,fe33785a-90bb-40e0-9dce-91968006a5c6,0,0,2023-09-05T15:24:29Z
1,3,1693927392,1,FALSE,9,0,1,08247052-1f3f-11e7-bf6b-3863bb334450,0,0,2023-09-05T15:24:29Z
1,1,1693927395,1,FALSE,18,0,1,7641069c-42a6-4e3e-9769-7df51da6978d,0,0,2023-09-05T15:24:29Z
1,8,1693927396,1,FALSE,6,0,1,115f58ec-eddc-40cf-a789-13517d5df2a4,1,1,2023-09-05T15:24:29Z
1,5,1693927339,1,FALSE,14,0,1,08248172-1f3f-11e7-bf6b-3863bb334450,0,0,2023-09-05T15:24:29Z
1,19,1693927361,1,FALSE,0,0,1,9a93cdb5-bd4e-43b8-87f3-81dc9063999f,3,0,2023-09-05T15:24:29Z
1,3,1693927399,1,FALSE,9,0,1,0824eea3-1f3f-11e7-bf6b-3863bb334450,0,0,2023-09-05T15:24:29Z
1,4,1693927400,1,FALSE,7,0,1,9c8b35b2-fcab-4142-957d-5bb845374685,1,1,2023-09-05T15:24:29Z
1,7,1693927401,1,FALSE,4,0,1,0826410b-1f3f-11e7-bf6b-3863bb334450,2,0,2023-09-05T15:24:29Z
1,11,1693927378,1,FALSE,4,0,1,71686e8c-9f47-4a65-8840-c7276be3786e,0,0,2023-09-05T15:24:29Z
1,1,1693927394,1,FALSE,22,0,1,21858490-7495-4942-b0eb-5e956db26b16,0,0,2023-09-05T15:24:29Z
1,0,1693927399,1,FALSE,18,0,1,1e19ca16-ec12-48b9-bbbe-fe878745bb23,0,0,2023-09-05T15:24:29Z
1,4,1693927402,1,FALSE,7,0,1,0824821f-1f3f-11e7-bf6b-3863bb334450,0,0,2023-09-05T15:24:29Z
1,6,1693927400,1,FALSE,9,0,1,55d3b43f-4ad3-4d65-889a-560ebe6126bf,1,0,2023-09-05T15:24:29Z
1,0,1693927390,1,FALSE,19,0,1,314fc12d-7275-4936-a245-a1febd3c95df,0,0,2023-09-05T15:24:29Z
1,6,1693927402,1,FALSE,12,1,1,8083cb0d-c3a4-417e-b46e-afe6cf1a7e67,0,0,2023-09-05T15:24:29Z
1,0,1693927408,1,FALSE,19,0,1,5e828067-2fd6-4168-b150-5409754e734c,0,0,2023-09-05T15:24:29Z
1,6,1693927408,1,FALSE,13,0,1,08263b08-1f3f-11e7-bf6b-3863bb334450,0,0,2023-09-05T15:24:29Z
1,1,1693927408,1,FALSE,10,0,1,08254215-1f3f-11e7-bf6b-3863bb334450,0,0,2023-09-05T15:24:29Z
1,18,1693927411,1,FALSE,0,0,1,08249be7-1f3f-11e7-bf6b-3863bb334450,0,1,2023-09-05T15:24:29Z
1,2,1693927411,1,FALSE,10,0,1,50a19df9-344a-49e6-aeab-f244d9a333c8,0,0,2023-09-05T15:24:29Z
1,2,1693927411,1,FALSE,14,1,1,d8a01502-8d6c-449f-852d-d6b409e56e11,0,0,2023-09-05T15:24:29Z
1,2,1693927410,1,FALSE,9,0,1,84223eb6-9964-4bd7-85f0-2b6a316c3ba1,0,0,2023-09-05T15:24:29Z
1,5,1693927414,1,FALSE,7,0,1,37ea9197-6332-4bf7-8940-d3641f288869,0,0,2023-09-05T15:24:29Z
1,6,1693927415,1,FALSE,10,0,1,8321ef62-caa3-45ea-95b2-4a4a97964625,1,0,2023-09-05T15:24:29Z
1,3,1693927414,1,FALSE,16,0,1,0826315d-1f3f-11e7-bf6b-3863bb334450,0,0,2023-09-05T15:24:29Z
1,5,1693927415,1,FALSE,20,0,1,eda4c5ee-faf7-4dae-b135-3065deb46ffe,1,0,2023-09-05T15:24:29Z
1,0,1693927422,1,FALSE,10,1,1,197e33c5-30cf-4007-b7a8-b9b1dfd064e3,0,0,2023-09-05T15:24:29Z
1,1,1693927422,1,FALSE,14,0,1,66cac629-904e-4186-8431-44983be40985,0,0,2023-09-05T15:24:29Z
1,2,1693927420,1,FALSE,14,1,1,5205f20c-ded8-4469-bafd-021bc7229295,2,2,2023-09-05T15:24:29Z
1,11,1693927421,1,FALSE,0,0,1,66fe4efd-f6de-4300-9b35-82e3aea013e5,0,0,2023-09-05T15:24:29Z
1,5,1693927418,1,FALSE,16,0,1,c7402dc0-b498-47b0-8977-2b9d671a62bb,0,1,2023-09-05T15:24:29Z
1,8,1693927420,1,FALSE,6,0,1,5efd5ecc-a734-4e7b-9142-a500a317df60,0,1,2023-09-05T15:24:29Z
1,14,1693927427,1,FALSE,1,0,1,47ea64ba-00cd-4762-a90c-240244d1e4c8,0,0,2023-09-05T15:24:29Z
1,4,1693927428,1,FALSE,11,0,1,ccd82461-11b7-4553-b70b-6cb7e5e4f8c2,0,0,2023-09-05T15:24:29Z
1,9,1693927430,1,FALSE,6,0,1,b8ba3b0d-9efa-4093-8baa-bb3e7d384c46,2,0,2023-09-05T15:24:29Z
1,3,1693927430,1,FALSE,12,0,1,41b8e956-0341-4752-89a4-659f7b9eabb8,2,0,2023-09-05T15:24:29Z
1,10,1693927430,1,FALSE,0,1,1,65c9578a-8bda-4908-b626-06371c09338b,0,0,2023-09-05T15:24:29Z
1,12,1693927431,1,FALSE,7,0,1,72b359a7-f70e-4b97-aaf6-2b26f09f19b1,0,0,2023-09-05T15:24:29Z
1,4,1693927424,1,FALSE,8,0,1,a0121df5-4df5-425f-afb8-77dc94dc6d1b,0,0,2023-09-05T15:24:29Z
1,10,1693927436,1,FALSE,25,0,1,08247e59-1f3f-11e7-bf6b-3863bb334450,1,0,2023-09-05T15:24:29Z
1,8,1693927433,1,FALSE,4,0,1,bc4fc3e2-2050-4571-851b-47f062319f95,1,0,2023-09-05T15:24:29Z
1,13,1693927438,1,FALSE,6,0,1,5a3453ad-43af-495d-ba1f-e8be6b66e2e8,0,0,2023-09-05T15:24:29Z
1,1,1693927434,1,FALSE,15,0,1,b8b6903d-fabc-48aa-af9b-2c5fb29344b9,1,0,2023-09-05T15:24:29Z
1,7,1693927439,1,FALSE,8,0,1,082469cc-1f3f-11e7-bf6b-3863bb334450,0,0,2023-09-05T15:24:29Z
1,6,1693927439,1,FALSE,5,0,1,08247269-1f3f-11e7-bf6b-3863bb334450,0,0,2023-09-05T15:24:29Z
1,0,1693927445,1,FALSE,15,0,1,08251aba-1f3f-11e7-bf6b-3863bb334450,0,0,2023-09-05T15:24:29Z
1,6,1693927443,1,FALSE,8,0,1,08254f8e-1f3f-11e7-bf6b-3863bb334450,0,3,2023-09-05T15:24:29Z
1,15,1693927444,1,FALSE,10,1,1,08247896-1f3f-11e7-bf6b-3863bb334450,0,1,2023-09-05T15:24:29Z
1,23,1693927441,0,FALSE,0,0,0,ac598bfa-89c4-4229-a397-a6279b4cd536,0,0,2023-09-05T15:24:29Z
1,4,1693927451,1,FALSE,15,0,1,92dd5072-b877-45d6-ba24-c5acbe66733b,0,0,2023-09-05T15:24:29Z
1,3,1693927449,1,FALSE,16,0,1,eab74a15-a9dd-4813-a6a9-c445782f6920,1,0,2023-09-05T15:24:29Z
1,5,1693927450,1,FALSE,6,0,1,082498ac-1f3f-11e7-bf6b-3863bb334450,0,0,2023-09-05T15:24:29Z
1,1,1693927448,1,FALSE,14,0,1,0825ff20-1f3f-11e7-bf6b-3863bb334450,0,0,2023-09-05T15:24:29Z
1,2,1693927453,1,FALSE,12,0,1,60b9672e-7668-431b-801b-affaccb680bb,2,1,2023-09-05T15:24:29Z
1,1,1693927453,1,FALSE,14,0,1,0825feb6-1f3f-11e7-bf6b-3863bb334450,0,0,2023-09-05T15:24:29Z
1,16,1693927454,1,FALSE,3,0,1,8429af9f-3adc-4db6-b96a-7fd9c75fe3a3,1,0,2023-09-05T15:24:29Z
1,5,1693927454,1,FALSE,10,0,1,772ca14a-a964-4745-ab93-37cc472d8ff2,1,0,2023-09-05T15:24:29Z
1,8,1693927454,1,FALSE,11,0,1,affeb890-08dc-46d2-9f8a-3eedf4452640,0,0,2023-09-05T15:24:29Z
1,13,1693927453,1,FALSE,22,0,1,0824cd3d-1f3f-11e7-bf6b-3863bb334450,0,0,2023-09-05T15:24:29Z
1,2,1693927455,1,FALSE,13,0,1,3d88e01e-e071-4638-829c-543410cded50,1,0,2023-09-05T15:24:29Z
1,1,1693927459,1,FALSE,16,1,1,06a14329-dedb-4152-b237-e59afccd8d42,0,1,2023-09-05T15:24:29Z
1,1,1693924526,1,FALSE,18,0,1,082476ba-1f3f-11e7-bf6b-3863bb334450,0,0,2023-09-05T15:24:29Z
1,2,1693920856,1,FALSE,21,0,1,0824773f-1f3f-11e7-bf6b-3863bb334450,0,0,2023-09-05T15:24:29Z
1,0,1693927256,1,FALSE,19,0,1,082477f4-1f3f-11e7-bf6b-3863bb334450,0,0,2023-09-05T15:24:29Z
1,30,1693926862,1,FALSE,3,0,1,08247b29-1f3f-11e7-bf6b-3863bb334450,0,1,2023-09-05T15:24:29Z
1,1,1693927171,1,FALSE,18,0,1,08247c29-1f3f-11e7-bf6b-3863bb334450,0,0,2023-09-05T15:24:29Z
1,2,1693921338,1,FALSE,9,0,1,08247cac-1f3f-11e7-bf6b-3863bb334450,2,0,2023-09-05T15:24:29Z
1,1,1693927042,1,FALSE,17,0,1,08247d46-1f3f-11e7-bf6b-3863bb334450,0,1,2023-09-05T15:24:29Z
1,8,1693924780,1,FALSE,7,0,1,08247dd0-1f3f-11e7-bf6b-3863bb334450,0,0,2023-09-05T15:24:29Z
1,0,1693489089,1,FALSE,10,1,1,08247fe1-1f3f-11e7-bf6b-3863bb334450,0,0,2023-09-05T15:24:29Z
1,2,1693901001,1,FALSE,13,0,1,0824806c-1f3f-11e7-bf6b-3863bb334450,0,0,2023-09-05T15:24:29Z
1,8,1693901303,1,FALSE,3,0,1,082480f1-1f3f-11e7-bf6b-3863bb334450,0,0,2023-09-05T15:24:29Z
1,6,1693926573,1,FALSE,4,0,1,082482b3-1f3f-11e7-bf6b-3863bb334450,0,1,2023-09-05T15:24:29Z
1,0,1693927248,1,FALSE,14,0,1,0824833c-1f3f-11e7-bf6b-3863bb334450,0,1,2023-09-05T15:24:29Z
1,0,1693921671,1,FALSE,14,0,1,082483c2-1f3f-11e7-bf6b-3863bb334450,0,1,2023-09-05T15:24:29Z
1,0,1693924216,1,FALSE,15,0,1,0824854e-1f3f-11e7-bf6b-3863bb334450,0,0,2023-09-05T15:24:29Z
1,29,1693927448,1,FALSE,15,0,1,0824920a-1f3f-11e7-bf6b-3863bb334450,3,1,2023-09-05T15:24:29Z
1,9,1693926943,1,FALSE,10,0,1,082492e1-1f3f-11e7-bf6b-3863bb334450,4,0,2023-09-05T15:24:29Z
1,23,1693924856,1,FALSE,0,0,1,08249345-1f3f-11e7-bf6b-3863bb334450,1,0,2023-09-05T15:24:29Z
1,4,1693927308,1,FALSE,5,0,1,08249407-1f3f-11e7-bf6b-3863bb334450,1,2,2023-09-05T15:24:29Z
1,2,1693927264,1,FALSE,12,0,1,08249480-1f3f-11e7-bf6b-3863bb334450,0,1,2023-09-05T15:24:29Z
1,0,1693926447,1,FALSE,15,0,1,082494e7-1f3f-11e7-bf6b-3863bb334450,0,0,2023-09-05T15:24:29Z
1,8,1693927199,1,FALSE,11,0,1,08249549-1f3f-11e7-bf6b-3863bb334450,0,0,2023-09-05T15:24:29Z
1,5,1693923402,1,FALSE,9,0,1,082495aa-1f3f-11e7-bf6b-3863bb334450,0,0,2023-09-05T15:24:29Z
1,0,1693923636,1,FALSE,15,0,1,0824960b-1f3f-11e7-bf6b-3863bb334450,0,0,2023-09-05T15:24:29Z
1,6,1693927298,1,FALSE,6,0,1,082496d9-1f3f-11e7-bf6b-3863bb334450,2,3,2023-09-05T15:24:29Z
1,2,1693926862,1,FALSE,17,0,1,0824973c-1f3f-11e7-bf6b-3863bb334450,1,0,2023-09-05T15:24:29Z
1,0,1693914768,1,FALSE,11,0,1,0824979f-1f3f-11e7-bf6b-3863bb334450,0,0,2023-09-05T15:24:29Z
1,1,1693926347,1,FALSE,13,0,1,08249a1c-1f3f-11e7-bf6b-3863bb334450,0,1,2023-09-05T15:24:29Z
1,22,1693923645,1,FALSE,0,0,1,08249aa2-1f3f-11e7-bf6b-3863bb334450,2,1,2023-09-05T15:24:29Z
1,1,1693902204,1,FALSE,10,0,1,08249b10-1f3f-11e7-bf6b-3863bb334450,0,0,2023-09-05T15:24:29Z
1,29,1693925992,1,FALSE,9,0,1,08249b7f-1f3f-11e7-bf6b-3863bb334450,0,0,2023-09-05T15:24:29Z
1,5,1693920056,1,FALSE,6,0,1,08249c5a-1f3f-11e7-bf6b-3863bb334450,0,0,2023-09-05T15:24:29Z
1,14,1693924138,1,FALSE,0,0,1,08249cd3-1f3f-11e7-bf6b-3863bb334450,2,1,2023-09-05T15:24:29Z
1,15,1693926135,1,FALSE,0,0,1,08249d44-1f3f-11e7-bf6b-3863bb334450,0,0,2023-09-05T15:24:29Z
1,9,1693924165,1,FALSE,5,0,1,08249f58-1f3f-11e7-bf6b-3863bb334450,1,1,2023-09-05T15:24:29Z
1,2,1693927442,1,FALSE,26,0,1,08249fbc-1f3f-11e7-bf6b-3863bb334450,0,0,2023-09-05T15:24:29Z
1,0,1693921531,1,FALSE,21,0,1,0824a4ce-1f3f-11e7-bf6b-3863bb334450,0,1,2023-09-05T15:24:29Z
1,1,1693925669,1,FALSE,13,0,1,0824a53f-1f3f-11e7-bf6b-3863bb334450,0,1,2023-09-05T15:24:29Z
1,15,1693926494,1,FALSE,3,0,1,0824a5b0-1f3f-11e7-bf6b-3863bb334450,3,1,2023-09-05T15:24:29Z
1,11,1693926661,1,FALSE,11,0,1,0824a623-1f3f-11e7-bf6b-3863bb334450,1,1,2023-09-05T15:24:29Z
1,2,1693926603,1,FALSE,20,0,1,0824a703-1f3f-11e7-bf6b-3863bb334450,1,1,2023-09-05T15:24:29Z
1,9,1693926137,1,FALSE,1,0,1,0824a988-1f3f-11e7-bf6b-3863bb334450,1,0,2023-09-05T15:24:29Z
1,23,1693926040,1,FALSE,0,0,1,0824aa39-1f3f-11e7-bf6b-3863bb334450,1,0,2023-09-05T15:24:29Z
1,18,1693926645,1,FALSE,14,0,1,0824b9cc-1f3f-11e7-bf6b-3863bb334450,1,0,2023-09-05T15:24:29Z
1,1,1693926249,1,FALSE,21,0,1,0824bc70-1f3f-11e7-bf6b-3863bb334450,0,1,2023-09-05T15:24:29Z
1,0,1693924828,1,FALSE,18,0,1,0824bce1-1f3f-11e7-bf6b-3863bb334450,0,1,2023-09-05T15:24:29Z
1,12,1693924688,1,FALSE,3,0,1,0824c0d5-1f3f-11e7-bf6b-3863bb334450,1,1,2023-09-05T15:24:29Z
1,0,1693916788,1,FALSE,11,0,1,0824c1a1-1f3f-11e7-bf6b-3863bb334450,0,0,2023-09-05T15:24:29Z
1,0,1693927080,1,FALSE,25,0,1,0824c229-1f3f-11e7-bf6b-3863bb334450,0,0,2023-09-05T15:24:29Z
1,0,1693919520,1,FALSE,30,0,1,0824c309-1f3f-11e7-bf6b-3863bb334450,0,1,2023-09-05T15:24:29Z
1,25,1693925431,1,FALSE,0,0,1,0824c69b-1f3f-11e7-bf6b-3863bb334450,3,0,2023-09-05T15:24:29Z
1,32,1693924484,1,FALSE,0,0,1,0824c80d-1f3f-11e7-bf6b-3863bb334450,6,2,2023-09-05T15:24:29Z
1,14,1693926339,1,FALSE,5,0,1,0824c8d2-1f3f-11e7-bf6b-3863bb334450,0,0,2023-09-05T15:24:29Z
1,19,1693927139,1,FALSE,4,0,1,0824d140-1f3f-11e7-bf6b-3863bb334450,1,0,2023-09-05T15:24:29Z
1,1,1693927003,1,FALSE,14,0,1,0824e189-1f3f-11e7-bf6b-3863bb334450,1,0,2023-09-05T15:24:29Z
1,13,1693927372,1,FALSE,0,1,1,0824e72a-1f3f-11e7-bf6b-3863bb334450,0,0,2023-09-05T15:24:29Z
1,18,1693927266,1,FALSE,0,0,1,0824e7c1-1f3f-11e7-bf6b-3863bb334450,1,0,2023-09-05T15:24:29Z
1,5,1693917242,1,FALSE,10,0,1,0824f08b-1f3f-11e7-bf6b-3863bb334450,5,0,2023-09-05T15:24:29Z
1,8,1693926429,1,FALSE,10,0,1,0824f461-1f3f-11e7-bf6b-3863bb334450,0,1,2023-09-05T15:24:29Z
1,22,1693926350,1,FALSE,1,0,1,0824f644-1f3f-11e7-bf6b-3863bb334450,2,0,2023-09-05T15:24:29Z
1,36,1693926750,1,FALSE,1,0,1,08250371-1f3f-11e7-bf6b-3863bb334450,0,0,2023-09-05T15:24:29Z
1,17,1693926915,1,FALSE,2,0,1,082513a4-1f3f-11e7-bf6b-3863bb334450,2,0,2023-09-05T15:24:29Z
1,1,1693925332,1,FALSE,16,0,1,08251448-1f3f-11e7-bf6b-3863bb334450,0,1,2023-09-05T15:24:29Z
1,2,1693926728,1,FALSE,13,0,1,082514b8-1f3f-11e7-bf6b-3863bb334450,0,0,2023-09-05T15:24:29Z
1,4,1693927437,1,FALSE,9,0,1,08251532-1f3f-11e7-bf6b-3863bb334450,0,0,2023-09-05T15:24:29Z
1,0,1693927108,1,FALSE,15,0,1,082515d4-1f3f-11e7-bf6b-3863bb334450,0,0,2023-09-05T15:24:29Z
1,1,1693926925,1,FALSE,18,0,1,082516c1-1f3f-11e7-bf6b-3863bb334450,1,0,2023-09-05T15:24:29Z
1,0,1693923397,1,FALSE,15,0,1,0825180e-1f3f-11e7-bf6b-3863bb334450,0,0,2023-09-05T15:24:29Z
1,12,1693923901,1,FALSE,3,0,1,082518eb-1f3f-11e7-bf6b-3863bb334450,0,0,2023-09-05T15:24:29Z
1,0,1693923672,1,FALSE,15,0,1,08251a1b-1f3f-11e7-bf6b-3863bb334450,0,0,2023-09-05T15:24:29Z
1,14,1693927317,1,FALSE,8,0,1,08251d5a-1f3f-11e7-bf6b-3863bb334450,2,1,2023-09-05T15:24:29Z
1,0,1693924028,1,FALSE,18,0,1,08251f93-1f3f-11e7-bf6b-3863bb334450,0,1,2023-09-05T15:24:29Z
1,13,1693926998,1,FALSE,2,0,1,0825201c-1f3f-11e7-bf6b-3863bb334450,4,0,2023-09-05T15:24:29Z
1,17,1693927091,1,FALSE,1,0,1,08252414-1f3f-11e7-bf6b-3863bb334450,3,1,2023-09-05T15:24:29Z
1,6,1693901602,1,FALSE,8,0,1,08252874-1f3f-11e7-bf6b-3863bb334450,2,1,2023-09-05T15:24:29Z
1,3,1693925181,1,FALSE,7,0,1,08252a92-1f3f-11e7-bf6b-3863bb334450,2,1,2023-09-05T15:24:29Z
1,2,1693913252,1,FALSE,17,0,1,08252b28-1f3f-11e7-bf6b-3863bb334450,0,0,2023-09-05T15:24:29Z
1,12,1693927429,1,FALSE,7,0,1,08252c4a-1f3f-11e7-bf6b-3863bb334450,5,0,2023-09-05T15:24:29Z
1,0,1693925287,1,FALSE,18,0,1,082537e4-1f3f-11e7-bf6b-3863bb334450,0,1,2023-09-05T15:24:29Z
1,17,1693924071,1,FALSE,0,0,1,0825388d-1f3f-11e7-bf6b-3863bb334450,0,1,2023-09-05T15:24:29Z
1,19,1693917516,1,FALSE,0,0,1,08253976-1f3f-11e7-bf6b-3863bb334450,1,0,2023-09-05T15:24:29Z
1,14,1693913865,1,FALSE,0,0,1,082539e0-1f3f-11e7-bf6b-3863bb334450,0,1,2023-09-05T15:24:29Z
1,4,1693920614,1,FALSE,10,0,1,08253a4b-1f3f-11e7-bf6b-3863bb334450,1,1,2023-09-05T15:24:29Z
1,14,1693922773,1,FALSE,1,0,1,08253ab7-1f3f-11e7-bf6b-3863bb334450,3,0,2023-09-05T15:24:29Z
1,25,1693927246,1,FALSE,1,0,1,08253b2b-1f3f-11e7-bf6b-3863bb334450,0,1,2023-09-05T15:24:29Z
1,14,1693922498,1,FALSE,1,0,1,08253b95-1f3f-11e7-bf6b-3863bb334450,0,0,2023-09-05T15:24:29Z
1,1,1693922056,1,FALSE,16,0,1,08253c00-1f3f-11e7-bf6b-3863bb334450,0,0,2023-09-05T15:24:29Z
1,1,1693902504,1,FALSE,21,0,1,08253cdb-1f3f-11e7-bf6b-3863bb334450,0,0,2023-09-05T15:24:29Z
1,6,1693926191,1,FALSE,9,0,1,08253e02-1f3f-11e7-bf6b-3863bb334450,2,0,2023-09-05T15:24:29Z
1,13,1693927086,1,FALSE,1,0,1,08254037-1f3f-11e7-bf6b-3863bb334450,0,1,2023-09-05T15:24:29Z
1,15,1693919494,1,FALSE,0,0,1,082543d4-1f3f-11e7-bf6b-3863bb334450,1,0,2023-09-05T15:24:29Z
1,4,1693926813,1,FALSE,15,0,1,08254442-1f3f-11e7-bf6b-3863bb334450,1,0,2023-09-05T15:24:29Z
1,2,1693921671,1,FALSE,12,0,1,082544b7-1f3f-11e7-bf6b-3863bb334450,0,1,2023-09-05T15:24:29Z
1,2,1693904032,1,FALSE,13,0,1,08254529-1f3f-11e7-bf6b-3863bb334450,0,0,2023-09-05T15:24:29Z
1,0,1693927451,1,FALSE,20,0,1,08254770-1f3f-11e7-bf6b-3863bb334450,0,1,2023-09-05T15:24:29Z
1,2,1693919530,1,FALSE,12,0,1,082547de-1f3f-11e7-bf6b-3863bb334450,0,0,2023-09-05T15:24:29Z
1,9,1693922202,1,FALSE,10,0,1,082548ce-1f3f-11e7-bf6b-3863bb334450,2,0,2023-09-05T15:24:29Z
1,11,1693924972,1,FALSE,8,0,1,082549b0-1f3f-11e7-bf6b-3863bb334450,2,0,2023-09-05T15:24:29Z
1,7,1693916052,1,FALSE,7,0,1,08254ebb-1f3f-11e7-bf6b-3863bb334450,6,0,2023-09-05T15:24:29Z
1,17,1693927287,1,FALSE,1,0,1,08254f20-1f3f-11e7-bf6b-3863bb334450,6,1,2023-09-05T15:24:29Z
1,0,1693915834,1,FALSE,22,0,1,08254ffb-1f3f-11e7-bf6b-3863bb334450,0,1,2023-09-05T15:24:29Z
1,1,1693925926,1,FALSE,18,0,1,08255063-1f3f-11e7-bf6b-3863bb334450,0,0,2023-09-05T15:24:29Z
1,0,1693926975,1,FALSE,14,0,1,0825525a-1f3f-11e7-bf6b-3863bb334450,0,1,2023-09-05T15:24:29Z
1,1,1693922849,1,FALSE,8,0,1,082553a7-1f3f-11e7-bf6b-3863bb334450,1,2,2023-09-05T15:24:29Z
1,0,1693917924,1,FALSE,14,0,1,08255427-1f3f-11e7-bf6b-3863bb334450,0,1,2023-09-05T15:24:29Z
1,3,1693924782,1,FALSE,7,0,1,0825548f-1f3f-11e7-bf6b-3863bb334450,0,0,2023-09-05T15:24:29Z
1,1,1693926157,1,FALSE,20,0,1,082554fb-1f3f-11e7-bf6b-3863bb334450,0,2,2023-09-05T15:24:29Z
1,8,1693918299,1,FALSE,7,0,1,08255561-1f3f-11e7-bf6b-3863bb334450,0,0,2023-09-05T15:24:29Z
1,3,1693925360,1,FALSE,15,0,1,0825610d-1f3f-11e7-bf6b-3863bb334450,0,1,2023-09-05T15:24:29Z
1,8,1693919934,1,FALSE,7,0,1,0825619c-1f3f-11e7-bf6b-3863bb334450,2,0,2023-09-05T15:24:29Z
1,1,1693903105,1,FALSE,10,0,1,082564e2-1f3f-11e7-bf6b-3863bb334450,1,0,2023-09-05T15:24:29Z
1,2,1693902504,1,FALSE,9,0,1,08256549-1f3f-11e7-bf6b-3863bb334450,2,0,2023-09-05T15:24:29Z
1,5,1693926119,1,FALSE,8,0,1,082565f9-1f3f-11e7-bf6b-3863bb334450,0,1,2023-09-05T15:24:29Z
1,0,1693922845,1,FALSE,31,0,1,08256670-1f3f-11e7-bf6b-3863bb334450,0,0,2023-09-05T15:24:29Z
1,9,1693903483,1,FALSE,2,0,1,082566d7-1f3f-11e7-bf6b-3863bb334450,0,0,2023-09-05T15:24:29Z
1,10,1693925193,1,FALSE,1,0,1,0825697c-1f3f-11e7-bf6b-3863bb334450,0,0,2023-09-05T15:24:29Z
1,9,1693917162,1,FALSE,1,0,1,082569e6-1f3f-11e7-bf6b-3863bb334450,1,1,2023-09-05T15:24:29Z
1,15,1693926309,1,FALSE,0,0,1,08256a59-1f3f-11e7-bf6b-3863bb334450,1,0,2023-09-05T15:24:29Z
1,14,1693925347,1,FALSE,1,0,1,08256ac9-1f3f-11e7-bf6b-3863bb334450,3,0,2023-09-05T15:24:29Z
1,0,1693923528,1,FALSE,14,0,1,08256b2e-1f3f-11e7-bf6b-3863bb334450,0,1,2023-09-05T15:24:29Z
1,2,1693927369,1,FALSE,17,0,1,08256b90-1f3f-11e7-bf6b-3863bb334450,1,0,2023-09-05T15:24:29Z
1,22,1693927461,1,FALSE,3,0,1,08256d91-1f3f-11e7-bf6b-3863bb334450,1,2,2023-09-05T15:24:29Z
1,29,1693926146,1,FALSE,1,0,1,08256e11-1f3f-11e7-bf6b-3863bb334450,0,1,2023-09-05T15:24:29Z
1,14,1693921729,1,FALSE,0,0,1,08256e7b-1f3f-11e7-bf6b-3863bb334450,3,0,2023-09-05T15:24:29Z
1,0,1693921485,1,FALSE,15,0,1,08256ee8-1f3f-11e7-bf6b-3863bb334450,0,0,2023-09-05T15:24:29Z
1,7,1693912488,1,FALSE,5,0,1,08256fcd-1f3f-11e7-bf6b-3863bb334450,1,0,2023-09-05T15:24:29Z
1,14,1693920154,1,FALSE,1,0,1,08257239-1f3f-11e7-bf6b-3863bb334450,0,0,2023-09-05T15:24:29Z
1,2,1693921945,1,FALSE,9,0,1,082572b6-1f3f-11e7-bf6b-3863bb334450,1,0,2023-09-05T15:24:29Z
1,2,1693910776,1,FALSE,13,0,1,08257325-1f3f-11e7-bf6b-3863bb334450,1,0,2023-09-05T15:24:29Z
1,1,1693924575,1,FALSE,17,0,1,0825738d-1f3f-11e7-bf6b-3863bb334450,0,1,2023-09-05T15:24:29Z
1,2,1693916718,1,FALSE,8,0,1,0825756e-1f3f-11e7-bf6b-3863bb334450,1,1,2023-09-05T15:24:29Z
1,6,1693907587,1,FALSE,12,0,1,0825762e-1f3f-11e7-bf6b-3863bb334450,1,1,2023-09-05T15:24:29Z
1,8,1693904421,1,FALSE,10,0,1,08257f71-1f3f-11e7-bf6b-3863bb334450,1,1,2023-09-05T15:24:29Z
1,0,1693904424,1,FALSE,11,0,1,0825802a-1f3f-11e7-bf6b-3863bb334450,0,0,2023-09-05T15:24:29Z
1,4,1693908804,1,FALSE,10,0,1,082582ff-1f3f-11e7-bf6b-3863bb334450,0,1,2023-09-05T15:24:29Z
1,1,1693916381,1,FALSE,10,0,1,08258395-1f3f-11e7-bf6b-3863bb334450,0,0,2023-09-05T15:24:29Z
1,4,1693927452,1,FALSE,2,0,1,08258475-1f3f-11e7-bf6b-3863bb334450,0,3,2023-09-05T15:24:29Z
1,16,1693919789,1,FALSE,2,0,1,08258785-1f3f-11e7-bf6b-3863bb334450,0,0,2023-09-05T15:24:29Z
1,11,1693910357,1,FALSE,8,0,1,0825881b-1f3f-11e7-bf6b-3863bb334450,11,0,2023-09-05T15:24:29Z
1,6,1693915315,1,FALSE,13,0,1,08258b3f-1f3f-11e7-bf6b-3863bb334450,0,0,2023-09-05T15:24:29Z
1,1,1693927396,1,FALSE,14,0,1,08258d95-1f3f-11e7-bf6b-3863bb334450,0,0,2023-09-05T15:24:29Z
1,6,1693926523,1,FALSE,12,0,1,08258e2d-1f3f-11e7-bf6b-3863bb334450,1,1,2023-09-05T15:24:29Z
1,2,1693927302,1,FALSE,16,0,1,08259009-1f3f-11e7-bf6b-3863bb334450,0,1,2023-09-05T15:24:29Z
1,7,1693926849,1,FALSE,8,0,1,08259091-1f3f-11e7-bf6b-3863bb334450,0,0,2023-09-05T15:24:29Z
1,5,1693903715,1,FALSE,10,0,1,08259347-1f3f-11e7-bf6b-3863bb334450,1,0,2023-09-05T15:24:29Z
1,1,1693903715,1,FALSE,14,0,1,082595a1-1f3f-11e7-bf6b-3863bb334450,0,0,2023-09-05T15:24:29Z
1,8,1693910636,1,FALSE,7,0,1,0825962a-1f3f-11e7-bf6b-3863bb334450,0,0,2023-09-05T15:24:29Z
1,1,1693903715,1,FALSE,14,0,1,08259804-1f3f-11e7-bf6b-3863bb334450,0,0,2023-09-05T15:24:29Z
1,2,1693903714,1,FALSE,13,0,1,08259c89-1f3f-11e7-bf6b-3863bb334450,0,0,2023-09-05T15:24:29Z
1,9,1693915443,1,FALSE,6,0,1,08259e6f-1f3f-11e7-bf6b-3863bb334450,2,0,2023-09-05T15:24:29Z
1,5,1693926403,1,FALSE,16,0,1,0825aa94-1f3f-11e7-bf6b-3863bb334450,1,0,2023-09-05T15:24:29Z
1,3,1693919854,1,FALSE,7,0,1,0825ac97-1f3f-11e7-bf6b-3863bb334450,1,1,2023-09-05T15:24:29Z
1,7,1693903713,1,FALSE,8,0,1,0825b10b-1f3f-11e7-bf6b-3863bb334450,1,0,2023-09-05T15:24:29Z
1,1,1693909767,1,FALSE,14,0,1,0825b1a2-1f3f-11e7-bf6b-3863bb334450,0,0,2023-09-05T15:24:29Z
1,8,1693912048,1,FALSE,7,0,1,0825b213-1f3f-11e7-bf6b-3863bb334450,0,0,2023-09-05T15:24:29Z
1,5,1693919776,1,FALSE,5,0,1,0825b27e-1f3f-11e7-bf6b-3863bb334450,0,1,2023-09-05T15:24:29Z
1,5,1693912819,1,FALSE,6,0,1,0825b2e7-1f3f-11e7-bf6b-3863bb334450,0,0,2023-09-05T15:24:29Z
1,7,1693904032,1,FALSE,8,0,1,0825b42a-1f3f-11e7-bf6b-3863bb334450,0,0,2023-09-05T15:24:29Z
1,6,1693904032,1,FALSE,12,0,1,0825b4c9-1f3f-11e7-bf6b-3863bb334450,0,1,2023-09-05T15:24:29Z
1,0,1693904034,1,FALSE,15,0,1,0825b553-1f3f-11e7-bf6b-3863bb334450,0,0,2023-09-05T15:24:29Z
1,6,1693902806,1,FALSE,4,0,1,0825b614-1f3f-11e7-bf6b-3863bb334450,5,0,2023-09-05T15:24:29Z
1,9,1693927279,1,FALSE,6,0,1,0825b6a9-1f3f-11e7-bf6b-3863bb334450,1,0,2023-09-05T15:24:29Z
1,11,1693919770,1,FALSE,7,0,1,0825b738-1f3f-11e7-bf6b-3863bb334450,0,0,2023-09-05T15:24:29Z
1,2,1693917342,1,FALSE,13,0,1,0825b7cc-1f3f-11e7-bf6b-3863bb334450,0,0,2023-09-05T15:24:29Z
1,2,1693926420,1,FALSE,17,0,1,0825b8f0-1f3f-11e7-bf6b-3863bb334450,1,0,2023-09-05T15:24:29Z
1,1,1693923096,1,FALSE,18,0,1,0825b983-1f3f-11e7-bf6b-3863bb334450,1,0,2023-09-05T15:24:29Z
1,9,1693902804,1,FALSE,2,0,1,0825ba12-1f3f-11e7-bf6b-3863bb334450,0,0,2023-09-05T15:24:29Z
1,8,1693902805,1,FALSE,7,0,1,0825baa3-1f3f-11e7-bf6b-3863bb334450,2,0,2023-09-05T15:24:29Z
1,7,1693921162,1,FALSE,9,0,1,0825bb32-1f3f-11e7-bf6b-3863bb334450,1,1,2023-09-05T15:24:29Z
1,6,1693916026,1,FALSE,4,0,1,0825bbc6-1f3f-11e7-bf6b-3863bb334450,0,1,2023-09-05T15:24:29Z
1,8,1693926007,1,FALSE,8,0,1,0825bc56-1f3f-11e7-bf6b-3863bb334450,0,1,2023-09-05T15:24:29Z
1,7,1693902806,1,FALSE,12,0,1,0825bce9-1f3f-11e7-bf6b-3863bb334450,0,0,2023-09-05T15:24:29Z
1,14,1693925560,1,FALSE,4,0,1,0825bd74-1f3f-11e7-bf6b-3863bb334450,0,0,2023-09-05T15:24:29Z
1,7,1693924633,1,FALSE,11,0,1,0825be05-1f3f-11e7-bf6b-3863bb334450,0,0,2023-09-05T15:24:29Z
1,2,1693902806,1,FALSE,9,0,1,0825be94-1f3f-11e7-bf6b-3863bb334450,1,0,2023-09-05T15:24:29Z
1,9,1693925094,1,FALSE,6,0,1,0825bfcd-1f3f-11e7-bf6b-3863bb334450,0,0,2023-09-05T15:24:29Z
1,3,1693926699,1,FALSE,11,0,1,0825c063-1f3f-11e7-bf6b-3863bb334450,1,1,2023-09-05T15:24:29Z
1,4,1693902805,1,FALSE,10,0,1,0825df01-1f3f-11e7-bf6b-3863bb334450,1,1,2023-09-05T15:24:29Z
1,2,1693922635,1,FALSE,8,0,1,0825e0a1-1f3f-11e7-bf6b-3863bb334450,1,0,2023-09-05T15:24:29Z
1,2,1693924555,1,FALSE,11,0,1,0825e147-1f3f-11e7-bf6b-3863bb334450,0,0,2023-09-05T15:24:29Z
1,2,1693926708,1,FALSE,13,0,1,0825e1e5-1f3f-11e7-bf6b-3863bb334450,0,0,2023-09-05T15:24:29Z
1,13,1693925675,0,FALSE,4,0,0,0825e27a-1f3f-11e7-bf6b-3863bb334450,0,0,2023-09-05T15:24:29Z
1,11,1693924657,1,FALSE,8,0,1,0825e31a-1f3f-11e7-bf6b-3863bb334450,1,0,2023-09-05T15:24:29Z
1,2,1693926841,1,FALSE,17,0,1,0825e3b0-1f3f-11e7-bf6b-3863bb334450,0,0,2023-09-05T15:24:29Z
1,2,1693925433,1,FALSE,17,0,1,0825e56c-1f3f-11e7-bf6b-3863bb334450,0,0,2023-09-05T15:24:29Z
1,4,1693919112,1,FALSE,13,0,1,0825e5ff-1f3f-11e7-bf6b-3863bb334450,2,1,2023-09-05T15:24:29Z
1,3,1693903107,1,FALSE,16,0,1,0825f1f7-1f3f-11e7-bf6b-3863bb334450,0,0,2023-09-05T15:24:29Z
1,7,1693927356,1,FALSE,5,0,1,0825f2b1-1f3f-11e7-bf6b-3863bb334450,0,0,2023-09-05T15:24:29Z
1,6,1693927380,1,FALSE,12,0,1,0825f3d4-1f3f-11e7-bf6b-3863bb334450,1,1,2023-09-05T15:24:29Z
1,0,1693903106,1,FALSE,14,0,1,0825f465-1f3f-11e7-bf6b-3863bb334450,0,1,2023-09-05T15:24:29Z
1,12,1693927157,1,FALSE,7,0,1,0825f723-1f3f-11e7-bf6b-3863bb334450,0,0,2023-09-05T15:24:29Z
1,3,1693924390,1,FALSE,12,0,1,0825f794-1f3f-11e7-bf6b-3863bb334450,0,0,2023-09-05T15:24:29Z
1,3,1693919954,1,FALSE,8,0,1,0825f807-1f3f-11e7-bf6b-3863bb334450,0,0,2023-09-05T15:24:29Z
1,11,1693919139,1,FALSE,8,0,1,0825f872-1f3f-11e7-bf6b-3863bb334450,0,0,2023-09-05T15:24:29Z
1,6,1693921887,1,FALSE,5,0,1,0825f8da-1f3f-11e7-bf6b-3863bb334450,0,0,2023-09-05T15:24:29Z
1,13,1693914932,1,FALSE,2,0,1,0825f946-1f3f-11e7-bf6b-3863bb334450,0,0,2023-09-05T15:24:29Z
1,13,1693919113,1,FALSE,2,0,1,0825fa22-1f3f-11e7-bf6b-3863bb334450,1,0,2023-09-05T15:24:29Z
1,7,1693925558,1,FALSE,8,0,1,0825faf6-1f3f-11e7-bf6b-3863bb334450,0,0,2023-09-05T15:24:29Z
1,3,1693903408,1,FALSE,16,0,1,0825fbd3-1f3f-11e7-bf6b-3863bb334450,1,0,2023-09-05T15:24:29Z
1,20,1693927159,1,FALSE,2,0,1,0825fc3a-1f3f-11e7-bf6b-3863bb334450,1,1,2023-09-05T15:24:29Z
1,0,1693903412,1,FALSE,15,0,1,0825fd09-1f3f-11e7-bf6b-3863bb334450,0,0,2023-09-05T15:24:29Z
1,0,1693918422,1,FALSE,18,0,1,0825fd75-1f3f-11e7-bf6b-3863bb334450,0,1,2023-09-05T15:24:29Z
1,1,1693925687,1,FALSE,21,0,1,0825fe4c-1f3f-11e7-bf6b-3863bb334450,0,1,2023-09-05T15:24:29Z
1,21,1693926827,1,FALSE,2,0,1,0825fff6-1f3f-11e7-bf6b-3863bb334450,4,0,2023-09-05T15:24:29Z
1,0,1693918367,1,FALSE,19,0,1,0826005e-1f3f-11e7-bf6b-3863bb334450,0,0,2023-09-05T15:24:29Z
1,17,1693925040,1,FALSE,2,0,1,0826030a-1f3f-11e7-bf6b-3863bb334450,0,0,2023-09-05T15:24:29Z
1,1,1693925874,1,FALSE,21,0,1,082603fc-1f3f-11e7-bf6b-3863bb334450,1,0,2023-09-05T15:24:29Z
1,0,1693919824,1,FALSE,22,0,1,082604dd-1f3f-11e7-bf6b-3863bb334450,0,1,2023-09-05T15:24:29Z
1,2,1693926840,1,FALSE,17,0,1,08260549-1f3f-11e7-bf6b-3863bb334450,0,0,2023-09-05T15:24:29Z
1,4,1693920889,1,FALSE,15,0,1,082605b0-1f3f-11e7-bf6b-3863bb334450,1,0,2023-09-05T15:24:29Z
1,3,1693924571,1,FALSE,14,0,1,08261245-1f3f-11e7-bf6b-3863bb334450,0,2,2023-09-05T15:24:29Z
1,1,1693926827,1,FALSE,26,0,1,082612c1-1f3f-11e7-bf6b-3863bb334450,1,0,2023-09-05T15:24:29Z
1,5,1693926557,1,FALSE,16,0,1,0826132d-1f3f-11e7-bf6b-3863bb334450,1,1,2023-09-05T15:24:29Z
1,1,1693919610,1,FALSE,18,0,1,0826139b-1f3f-11e7-bf6b-3863bb334450,0,0,2023-09-05T15:24:29Z
1,12,1693917213,1,FALSE,2,0,1,08261407-1f3f-11e7-bf6b-3863bb334450,10,0,2023-09-05T15:24:29Z
1,4,1693903409,1,FALSE,10,0,1,08261479-1f3f-11e7-bf6b-3863bb334450,1,1,2023-09-05T15:24:29Z
1,12,1693918274,1,FALSE,3,0,1,0826154d-1f3f-11e7-bf6b-3863bb334450,0,0,2023-09-05T15:24:29Z
1,8,1693923232,1,FALSE,7,0,1,082615b7-1f3f-11e7-bf6b-3863bb334450,0,0,2023-09-05T15:24:29Z
1,2,1693904425,1,FALSE,13,0,1,08261620-1f3f-11e7-bf6b-3863bb334450,0,0,2023-09-05T15:24:29Z
1,12,1693917067,1,FALSE,7,0,1,0826168f-1f3f-11e7-bf6b-3863bb334450,0,0,2023-09-05T15:24:29Z
1,11,1693918419,1,FALSE,8,0,1,0826176a-1f3f-11e7-bf6b-3863bb334450,0,0,2023-09-05T15:24:29Z
1,0,1693919736,1,FALSE,19,0,1,082617d2-1f3f-11e7-bf6b-3863bb334450,0,0,2023-09-05T15:24:29Z
1,1,1693927429,1,FALSE,17,0,1,0826183f-1f3f-11e7-bf6b-3863bb334450,1,1,2023-09-05T15:24:29Z
1,6,1693903430,1,FALSE,9,0,1,082618a7-1f3f-11e7-bf6b-3863bb334450,2,0,2023-09-05T15:24:29Z
1,4,1693927345,1,FALSE,5,0,1,0826190f-1f3f-11e7-bf6b-3863bb334450,1,2,2023-09-05T15:24:29Z
1,11,1693927129,1,FALSE,6,0,1,08261977-1f3f-11e7-bf6b-3863bb334450,2,0,2023-09-05T15:24:29Z
1,1,1693923591,1,FALSE,13,0,1,082619e1-1f3f-11e7-bf6b-3863bb334450,0,1,2023-09-05T15:24:29Z
1,12,1693903414,1,FALSE,7,0,1,08261a52-1f3f-11e7-bf6b-3863bb334450,0,0,2023-09-05T15:24:29Z
1,13,1693920200,1,FALSE,6,0,1,08261aba-1f3f-11e7-bf6b-3863bb334450,1,0,2023-09-05T15:24:29Z
1,13,1693925097,1,FALSE,5,0,1,08261b21-1f3f-11e7-bf6b-3863bb334450,0,1,2023-09-05T15:24:29Z
1,3,1693903716,1,FALSE,16,0,1,08261b89-1f3f-11e7-bf6b-3863bb334450,2,0,2023-09-05T15:24:29Z
1,12,1693924898,1,FALSE,2,0,1,08261bf4-1f3f-11e7-bf6b-3863bb334450,1,0,2023-09-05T15:24:29Z
1,0,1693924949,1,FALSE,22,0,1,08261c65-1f3f-11e7-bf6b-3863bb334450,0,1,2023-09-05T15:24:29Z
1,0,1693921355,1,FALSE,23,0,1,08261d35-1f3f-11e7-bf6b-3863bb334450,0,0,2023-09-05T15:24:29Z
1,3,1693923416,1,FALSE,19,0,1,08261d9d-1f3f-11e7-bf6b-3863bb334450,0,0,2023-09-05T15:24:29Z
1,2,1693920758,1,FALSE,15,0,1,08261e06-1f3f-11e7-bf6b-3863bb334450,0,1,2023-09-05T15:24:29Z
1,4,1693927452,1,FALSE,18,0,1,08261e7a-1f3f-11e7-bf6b-3863bb334450,0,0,2023-09-05T15:24:29Z
1,19,1693926530,1,FALSE,12,0,1,082620fc-1f3f-11e7-bf6b-3863bb334450,2,0,2023-09-05T15:24:29Z
1,3,1693926699,1,FALSE,11,0,1,0826233f-1f3f-11e7-bf6b-3863bb334450,0,3,2023-09-05T15:24:29Z
1,1,1693925252,1,FALSE,15,0,1,082623bf-1f3f-11e7-bf6b-3863bb334450,0,0,2023-09-05T15:24:29Z
1,1,1693927406,1,FALSE,20,0,1,082624fc-1f3f-11e7-bf6b-3863bb334450,1,0,2023-09-05T15:24:29Z
1,2,1693924291,1,FALSE,27,0,1,082631cd-1f3f-11e7-bf6b-3863bb334450,0,0,2023-09-05T15:24:29Z
1,21,1693927439,1,FALSE,3,0,1,08263241-1f3f-11e7-bf6b-3863bb334450,1,1,2023-09-05T15:24:29Z
1,8,1693925106,1,FALSE,17,0,1,082632a8-1f3f-11e7-bf6b-3863bb334450,0,0,2023-09-05T15:24:29Z
1,6,1693918542,1,FALSE,12,0,1,08263311-1f3f-11e7-bf6b-3863bb334450,1,0,2023-09-05T15:24:29Z
1,7,1693904425,1,FALSE,8,0,1,0826337e-1f3f-11e7-bf6b-3863bb334450,2,0,2023-09-05T15:24:29Z
1,1,1693904426,1,FALSE,22,0,1,082633ec-1f3f-11e7-bf6b-3863bb334450,0,0,2023-09-05T15:24:29Z
1,17,1693925150,1,FALSE,1,0,1,08263aa1-1f3f-11e7-bf6b-3863bb334450,0,1,2023-09-05T15:24:29Z
1,21,1693925846,1,FALSE,2,0,1,08263c43-1f3f-11e7-bf6b-3863bb334450,0,0,2023-09-05T15:24:29Z
1,13,1693903718,1,FALSE,6,0,1,08263cab-1f3f-11e7-bf6b-3863bb334450,0,0,2023-09-05T15:24:29Z
1,3,1693924771,1,FALSE,12,0,1,08264097-1f3f-11e7-bf6b-3863bb334450,0,0,2023-09-05T15:24:29Z
1,2,1693902203,1,FALSE,13,0,1,08264173-1f3f-11e7-bf6b-3863bb334450,0,0,2023-09-05T15:24:29Z
1,0,1693914117,1,FALSE,15,0,1,082641e3-1f3f-11e7-bf6b-3863bb334450,0,0,2023-09-05T15:24:29Z
1,0,1693924039,1,FALSE,16,1,1,08264250-1f3f-11e7-bf6b-3863bb334450,0,2,2023-09-05T15:24:29Z
1,0,1693926609,1,FALSE,19,0,1,082642bd-1f3f-11e7-bf6b-3863bb334450,0,0,2023-09-05T15:24:29Z
1,13,1693904429,1,FALSE,2,0,1,08264325-1f3f-11e7-bf6b-3863bb334450,0,0,2023-09-05T15:24:29Z
1,2,1693926955,1,FALSE,17,0,1,082644bc-1f3f-11e7-bf6b-3863bb334450,0,0,2023-09-05T15:24:29Z
1,8,1693904430,1,FALSE,7,0,1,08264525-1f3f-11e7-bf6b-3863bb334450,2,0,2023-09-05T15:24:29Z
1,14,1693922755,1,FALSE,5,0,1,0826540e-1f3f-11e7-bf6b-3863bb334450,0,0,2023-09-05T15:24:29Z
1,11,1693922316,1,FALSE,8,0,1,0826547e-1f3f-11e7-bf6b-3863bb334450,1,0,2023-09-05T15:24:29Z
1,16,1693923321,1,FALSE,0,0,1,082654f4-1f3f-11e7-bf6b-3863bb334450,1,2,2023-09-05T15:24:29Z
1,18,1693927067,1,FALSE,1,0,1,082655cc-1f3f-11e7-bf6b-3863bb334450,3,0,2023-09-05T15:24:29Z
1,2,1693927415,1,FALSE,21,0,1,08265638-1f3f-11e7-bf6b-3863bb334450,0,0,2023-09-05T15:24:29Z
1,4,1693925669,1,FALSE,14,0,1,bce02846-6f5e-466a-a643-50534a119533,2,1,2023-09-05T15:24:29Z
1,9,1693926349,1,FALSE,8,0,1,568a84a6-8911-48aa-8ad4-9a1b46564e9d,5,1,2023-09-05T15:24:29Z
1,2,1693926864,1,FALSE,17,0,1,7814989b-dc73-4a7e-bd23-f716b9abbbfe,0,0,2023-09-05T15:24:29Z
1,7,1693927114,1,FALSE,11,1,1,5fdaa766-383e-4a92-b1bd-0e71138c6844,2,0,2023-09-05T15:24:29Z
1,7,1693902506,1,FALSE,12,0,1,6edca550-d78f-4c5d-ad2c-79d1ce88c48d,0,0,2023-09-05T15:24:29Z
1,14,1693925582,1,FALSE,7,0,1,658,0,0,2023-09-05T15:24:29Z
1,5,1693903713,1,FALSE,6,0,1,e456b38d-7f5e-4d06-b2bc-022b42097a06,0,0,2023-09-05T15:24:29Z
1,4,1693902205,1,FALSE,11,0,1,5ac39643-b36d-415f-bbb4-1a5e2c61d98d,0,0,2023-09-05T15:24:29Z
1,2,1693908013,1,FALSE,13,0,1,cdeeb133-ccd7-418f-a8d7-0b5c5380a8ae,1,0,2023-09-05T15:24:29Z
1,2,1693901301,1,FALSE,8,0,1,347b72fa-4ae2-4017-a9bf-344a122cddeb,0,0,2023-09-05T15:24:29Z
1,2,1693908197,1,FALSE,13,0,1,5982cdb9-2f4d-490f-8e7c-030adfac87be,1,0,2023-09-05T15:24:29Z
1,4,1693901603,1,FALSE,11,0,1,6922a398-ec20-493d-a832-5e337cf335f5,0,0,2023-09-05T15:24:29Z
1,5,1693903716,1,FALSE,10,0,1,10d57c0d-6f3c-45d1-8a12-eda5665e213c,1,0,2023-09-05T15:24:29Z
1,4,1693903713,1,FALSE,7,0,1,cec05512-b9d1-4671-bc76-8b168079db93,1,0,2023-09-05T15:24:29Z
1,5,1693920933,1,FALSE,6,0,1,8d485a67-09d5-4550-8438-f1fa2f463bc2,0,0,2023-09-05T15:24:29Z
1,2,1693901003,1,FALSE,12,0,1,5e229707-ae42-42f7-b31d-1a65af253027,0,0,2023-09-05T15:24:29Z
1,2,1693914205,1,FALSE,9,0,1,a8ffa826-a14d-4bb0-ab33-de6b8c34d190,0,0,2023-09-05T15:24:29Z
1,1,1693902804,1,FALSE,10,0,1,b0cdb0b4-a4e5-47f2-90fd-f3f8266b809f,0,0,2023-09-05T15:24:29Z
1,13,1693921062,1,FALSE,1,0,1,731,0,1,2023-09-05T15:24:29Z
1,9,1693919131,1,FALSE,6,0,1,732,0,0,2023-09-05T15:24:29Z
1,0,1693919203,1,FALSE,11,0,1,734,0,0,2023-09-05T15:24:29Z
1,7,1693926456,1,FALSE,12,0,1,735,0,0,2023-09-05T15:24:29Z
1,4,1693924648,1,FALSE,15,0,1,736,0,0,2023-09-05T15:24:29Z
1,2,1693926040,1,FALSE,17,0,1,737,0,0,2023-09-05T15:24:29Z
1,5,1693927249,1,FALSE,16,0,1,738,0,1,2023-09-05T15:24:29Z
1,0,1693926074,1,FALSE,19,0,1,739,0,0,2023-09-05T15:24:29Z
1,1,1693922606,1,FALSE,14,0,1,740,0,0,2023-09-05T15:24:29Z
1,6,1693925761,1,FALSE,13,0,1,741,0,0,2023-09-05T15:24:29Z
1,0,1693925000,1,FALSE,14,1,1,742,0,0,2023-09-05T15:24:29Z
1,5,1693923987,1,FALSE,9,0,1,743,0,0,2023-09-05T15:24:29Z
1,6,1693921360,1,FALSE,12,0,1,744,0,0,2023-09-05T15:24:29Z
1,0,1693904420,1,FALSE,12,0,1,745,0,0,2023-09-05T15:24:29Z
1,0,1693927206,1,FALSE,19,0,1,746,0,0,2023-09-05T15:24:29Z
1,13,1693919018,1,FALSE,6,0,1,747,0,0,2023-09-05T15:24:29Z
1,13,1693918716,1,FALSE,6,0,1,748,0,0,2023-09-05T15:24:29Z
1,0,1693922854,1,FALSE,12,0,1,749,0,0,2023-09-05T15:24:29Z
1,11,1693922279,1,FALSE,8,0,1,750,0,0,2023-09-05T15:24:29Z
1,5,1693924724,1,FALSE,10,0,1,751,0,0,2023-09-05T15:24:29Z
1,2,1693904429,1,FALSE,13,0,1,752,0,0,2023-09-05T15:24:29Z
1,6,1693904464,1,FALSE,12,1,1,753,0,0,2023-09-05T15:24:29Z
1,5,1693904465,1,FALSE,10,0,1,755,0,0,2023-09-05T15:24:29Z
1,3,1693904423,1,FALSE,12,0,1,756,0,0,2023-09-05T15:24:29Z
1,7,1693907831,1,FALSE,6,0,1,757,0,0,2023-09-05T15:24:29Z
1,0,1693919501,1,FALSE,10,1,1,758,0,0,2023-09-05T15:24:29Z
1,3,1693904465,1,FALSE,11,0,1,759,0,0,2023-09-05T15:24:29Z
1,4,1693904445,1,FALSE,11,0,1,760,0,0,2023-09-05T15:24:29Z
1,0,1693919869,1,FALSE,19,0,1,761,0,0,2023-09-05T15:24:29Z
1,2,1693904467,1,FALSE,12,0,1,762,0,0,2023-09-05T15:24:29Z
1,13,1693904442,1,FALSE,1,1,1,763,0,0,2023-09-05T15:24:29Z
1,3,1693919241,1,FALSE,11,0,1,764,0,0,2023-09-05T15:24:29Z
1,9,1693904447,1,FALSE,2,0,1,765,0,0,2023-09-05T15:24:29Z
1,3,1693921162,1,FALSE,16,0,1,766,0,0,2023-09-05T15:24:29Z
1,10,1693904467,1,FALSE,7,1,1,767,0,0,2023-09-05T15:24:29Z
1,4,1693926425,1,FALSE,20,0,1,768,0,0,2023-09-05T15:24:29Z
1,11,1693926087,1,FALSE,3,1,1,769,0,0,2023-09-05T15:24:29Z
1,8,1693926424,1,FALSE,11,0,1,770,0,0,2023-09-05T15:24:29Z
1,10,1693927140,1,FALSE,5,0,1,771,0,0,2023-09-05T15:24:29Z
1,2,1693924230,1,FALSE,12,0,1,772,0,0,2023-09-05T15:24:29Z
1,9,1693925679,1,FALSE,10,0,1,773,0,0,2023-09-05T15:24:29Z
1,14,1693921804,1,FALSE,1,0,1,774,0,0,2023-09-05T15:24:29Z
1,9,1693904449,1,FALSE,9,0,1,775,0,0,2023-09-05T15:24:29Z
1,9,1693904454,1,FALSE,2,0,1,776,0,0,2023-09-05T15:24:29Z
1,8,1693906691,1,FALSE,1,0,1,777,0,0,2023-09-05T15:24:29Z
1,0,1693923167,1,FALSE,22,0,1,778,0,0,2023-09-05T15:24:29Z
1,8,1693921350,1,FALSE,7,0,1,779,0,0,2023-09-05T15:24:29Z
1,7,1693923843,1,FALSE,11,0,1,780,0,0,2023-09-05T15:24:29Z
1,2,1693911692,1,FALSE,17,0,1,781,0,0,2023-09-05T15:24:29Z
1,7,1693905811,1,FALSE,0,0,1,782,0,0,2023-09-05T15:24:29Z
1,10,1693911322,1,FALSE,3,0,1,783,0,0,2023-09-05T15:24:29Z
1,7,1693904435,1,FALSE,5,0,1,785,0,0,2023-09-05T15:24:29Z
1,4,1693904471,1,FALSE,4,0,1,786,0,2,2023-09-05T15:24:29Z
1,4,1693904423,1,FALSE,5,0,1,787,0,0,2023-09-05T15:24:29Z
1,0,1693904473,1,FALSE,12,0,1,788,0,0,2023-09-05T15:24:29Z
1,6,1693905287,1,FALSE,2,0,1,789,0,1,2023-09-05T15:24:29Z
1,2,1693904473,1,FALSE,10,0,1,790,0,0,2023-09-05T15:24:29Z
1,2,1693844692,1,FALSE,10,0,1,791,0,0,2023-09-05T15:24:29Z
1,0,1693917591,1,FALSE,12,0,1,792,0,0,2023-09-05T15:24:29Z
1,1,1693904473,1,FALSE,11,0,1,793,0,0,2023-09-05T15:24:29Z
